,cash,asset_value,total_assets,reward,date
0,1000000.0,0.0,1000000.0,0.0,2019-01-03
1,894685.0001744552,104655.34386797334,999340.3440424285,-0.0006596559575714478,2019-01-04
2,789272.7198565768,216170.8943089409,1005443.6141655176,0.005443614165517641,2019-01-07
3,688942.7205363206,317220.0471262848,1006162.7676626054,0.006162767662605484,2019-01-08
4,588582.7205448324,415715.7371162888,1004298.4576611212,0.004298457661121136,2019-01-09
5,478185.5025647443,533409.0097696258,1011594.5123343702,0.011594512334370144,2019-01-10
6,382810.50172150624,624364.000470607,1007174.5021921132,0.007174502192113241,2019-01-11
7,272288.7592082252,738409.5419709252,1010698.3011791504,0.010698301179150382,2019-01-14
8,151905.5213428059,852625.7933916245,1004531.3147344304,0.004531314734430358,2019-01-15
9,41455.52044020854,984893.7643997597,1026349.2848399682,0.026349284839968234,2019-01-16
10,66534.71804149408,962503.0846282119,1029037.802669706,0.029037802669706014,2019-01-17
11,91490.41268418817,931149.469027028,1022639.8817112162,0.022639881711216114,2019-01-18
12,101302.77623081903,932920.5672763801,1034223.3435071992,0.034223343507199244,2019-01-21
13,111806.31148054436,927149.222057766,1038955.5335383104,0.038955533538310494,2019-01-22
14,117007.77701209954,905115.8080765159,1022123.5850886154,0.02212358508861545,2019-01-23
15,117226.70314914177,906164.5789954773,1023391.282144619,0.02339128214461894,2019-01-24
16,1821.7036753893783,1035303.2847250939,1037124.9884004833,0.03712498840048317,2019-01-25
17,11821.703697212499,1036234.3925682678,1048056.0962654803,0.04805609626548035,2019-01-28
18,22020.940449067966,1026701.2523283012,1048722.1927773692,0.04872219277736911,2019-01-29
19,27020.940528041356,1026330.2623578156,1053351.202885857,0.05335120288585715,2019-01-30
20,32106.727994789402,1010806.0226519424,1042912.7506467318,0.04291275064673172,2019-01-31
21,37106.72815561704,1018961.7377678734,1056068.4659234905,0.05606846592349046,2019-02-01
22,47106.72818516874,1026321.8227641594,1073428.550949328,0.07342855094932821,2019-02-11
23,52106.72821197538,1038312.3308303162,1090419.0590422915,0.09041905904229153,2019-02-12
24,53145.88571162138,1040948.8158824045,1094094.7015940258,0.09409470159402589,2019-02-13
25,53145.88571162138,1073000.4316114907,1126146.317323112,0.12614631732311188,2019-02-14
26,68145.8857388629,1055680.7520225402,1123826.637761403,0.12382663776140301,2019-02-15
27,78145.88577021207,1023036.1450755699,1101182.030845782,0.10118203084578203,2019-02-18
28,88145.88575381498,1047831.6973871307,1135977.5831409458,0.13597758314094577,2019-02-19
29,88145.88575381498,1048465.8149884269,1136611.700742242,0.13661170074224183,2019-02-20
30,88145.88575381498,1056927.2805534753,1145073.1663072903,0.1450731663072904,2019-02-21
31,98145.88599828366,1051071.7897726586,1149217.6757709424,0.14921767577094225,2019-02-22
32,103145.88624144772,1086583.5230600936,1189729.4093015413,0.18972940930154136,2019-02-25
33,113145.88631712444,1153982.8652595766,1267128.751576701,0.2671287515767009,2019-02-26
34,113145.88631712444,1140601.7213475006,1253747.607664625,0.253747607664625,2019-02-27
35,118145.88635552776,1145299.0473465652,1263444.9337020929,0.26344493370209277,2019-02-28
36,22740.886227487088,1218312.746053872,1241053.632281359,0.241053632281359,2019-03-01
37,52740.88586463156,1227225.3654008394,1279966.2512654709,0.2799662512654708,2019-03-04
38,67768.213793077,1224461.7413116433,1292229.9551047203,0.2922299551047203,2019-03-05
39,97768.21348181373,1214226.7912049452,1311995.0046867589,0.3119950046867588,2019-03-06
40,7378.213647899213,1332610.2234066254,1339988.4370545247,0.33998843705452475,2019-03-07
41,37489.39836451603,1318368.662137672,1355858.060502188,0.35585806050218816,2019-03-08
42,52998.7038191364,1245695.0443688077,1298693.748187944,0.29869374818794414,2019-03-11
43,69519.58418762241,1230573.4455511426,1300093.029738765,0.30009302973876495,2019-03-12
44,89519.58395505253,1225972.8359118234,1315492.419866876,0.31549241986687604,2019-03-13
45,105883.13910010563,1189621.5724538227,1295504.7115539284,0.29550471155392843,2019-03-14
46,110883.13923535954,1169665.715905416,1280548.8551407757,0.28054885514077577,2019-03-15
47,112640.18971292608,1174293.574705386,1286933.764418312,0.2869337644183121,2019-03-18
48,2096.9095183961463,1310649.9948801426,1312746.9043985389,0.3127469043985389,2019-03-19
49,17096.90925685516,1286256.7559721093,1303353.6652289645,0.30335366522896456,2019-03-20
50,22096.909331002957,1280751.608264851,1302848.517595854,0.30284851759585396,2019-03-21
51,22096.909331002957,1284365.3458396713,1306462.2551706743,0.3064622551706744,2019-03-22
52,37353.20345862518,1262301.9813401364,1299655.1847987615,0.2996551847987614,2019-03-25
53,42353.203541130984,1232544.1650728034,1274897.3686139344,0.27489736861393443,2019-03-26
54,54360.48394031617,1211286.0187639035,1265646.5027042197,0.26564650270421963,2019-03-27
55,54603.45829086701,1210740.5016581414,1265343.9599490084,0.2653439599490084,2019-03-28
56,59603.458349315806,1194105.7198815583,1253709.1782308742,0.25370917823087424,2019-03-29
57,59603.458349315806,1254875.7794900972,1314479.237839413,0.314479237839413,2019-04-01
58,69603.45850116822,1278376.2497831834,1347979.7082843517,0.34797970828435165,2019-04-02
59,74603.45853915498,1273537.7458505535,1348141.2043897086,0.3481412043897085,2019-04-03
60,74603.45853915498,1300925.7077020803,1375529.1662412353,0.3755291662412352,2019-04-04
61,79603.45858133027,1300625.4620954837,1380228.920676814,0.3802289206768139,2019-04-08
62,84603.45885869538,1276138.6521930378,1360742.1110517331,0.36074211105173304,2019-04-09
63,89603.45902498986,1266680.7459091933,1356284.204934183,0.356284204934183,2019-04-10
64,99603.45908331964,1248108.028710006,1347711.4877933257,0.3477114877933256,2019-04-11
65,104603.45934191797,1220616.9453935965,1325220.4047355144,0.3252204047355145,2019-04-12
66,109603.45931461695,1222253.1645858788,1331856.6239004957,0.33185662390049564,2019-04-15
67,109603.45931461695,1226561.4987452575,1336164.9580598744,0.33616495805987445,2019-04-16
68,109603.45931461695,1267181.4069879006,1376784.8663025175,0.3767848663025175,2019-04-17
69,9273.458183637642,1363567.867171059,1372841.3253546965,0.3728413253546965,2019-04-18
70,14244.057822797799,1358405.2155942838,1372649.2734170817,0.37264927341708165,2019-04-19
71,29244.058111399485,1357454.0329220616,1386698.091033461,0.386698091033461,2019-04-22
72,39165.47258661921,1327753.3062846968,1366918.778871316,0.36691877887131596,2019-04-23
73,39296.64488114665,1335075.0487998659,1374371.6936810126,0.37437169368101264,2019-04-24
74,39296.64488114665,1342136.2027871592,1381432.847668306,0.381432847668306,2019-04-25
75,39296.64488114665,1325117.9754659703,1364414.620347117,0.364414620347117,2019-04-26
76,39296.64488114665,1325318.2940272775,1364614.9389084242,0.36461493890842434,2019-04-29
77,39296.64488114665,1308388.9767246568,1347685.6216058035,0.3476856216058035,2019-04-30
78,39296.64488114665,1289498.3499186272,1328794.994799774,0.3287949947997739,2019-05-06
79,44296.64490182536,1199843.5880644438,1244140.2329662691,0.2441402329662692,2019-05-07
80,49296.64495478557,1207738.9985868926,1257035.643541678,0.25703564354167807,2019-05-08
81,49296.64495478557,1187152.5811905204,1236449.226145306,0.23644922614530595,2019-05-09
82,59296.64541369899,1161862.1923603667,1221158.8377740658,0.22115883777406586,2019-05-10
83,64296.64527390102,1204929.418394583,1269226.063668484,0.269226063668484,2019-05-13
84,64296.64527390102,1180633.7979604874,1244930.4432343885,0.2449304432343884,2019-05-14
85,69296.64528592494,1167798.5107132536,1237095.1559991785,0.23709515599917852,2019-05-15
86,69296.64528592494,1190276.3384607758,1259572.9837467007,0.2595729837467007,2019-05-16
87,69296.64528592494,1185706.3477956115,1255002.9930815364,0.2550029930815363,2019-05-17
88,69296.64528592494,1156741.2889153755,1226037.9342013004,0.22603793420130036,2019-05-20
89,74296.64523182948,1150280.82240345,1224577.4676352795,0.22457746763527942,2019-05-21
90,74296.64523182948,1162703.337792283,1236999.9830241124,0.23699998302411251,2019-05-22
91,74296.64523182948,1163100.1766577545,1237396.821889584,0.2373968218895839,2019-05-23
92,74296.64523182948,1145235.2827087075,1219531.927940537,0.219531927940537,2019-05-24
93,74296.64523182948,1149439.8340288284,1223736.479260658,0.22373647926065798,2019-05-27
94,74296.64523182948,1174056.5885347167,1248353.2337665462,0.24835323376654617,2019-05-28
95,74296.64523182948,1183060.8583727486,1257357.503604578,0.2573575036045781,2019-05-29
96,74296.64523182948,1187916.3506649002,1262212.9958967296,0.26221299589672964,2019-05-30
97,74296.64523182948,1177746.039618888,1252042.6848507174,0.25204268485071735,2019-05-31
98,74296.64523182948,1171284.200925946,1245580.8461577755,0.24558084615777553,2019-06-03
99,74296.64523182948,1182785.5444812034,1257082.189713033,0.25708218971303287,2019-06-04
100,74296.64523182948,1176505.4720886864,1250802.117320516,0.25080211732051594,2019-06-05
101,74296.64523182948,1149250.7097306512,1223547.3549624807,0.22354735496248068,2019-06-06
102,79296.64536299402,1163648.2885830766,1242944.9339460705,0.24294493394607053,2019-06-10
103,84296.6455235409,1160058.5969767037,1244355.2425002446,0.24435524250024465,2019-06-11
104,84296.6455235409,1195093.6541819382,1279390.299705479,0.27939029970547913,2019-06-12
105,88905.3772611355,1177678.3448655128,1266583.7221266483,0.26658372212664827,2019-06-13
106,88905.3772611355,1181508.2434149864,1270413.620676122,0.27041362067612185,2019-06-14
107,93905.37743631403,1161151.8716829019,1255057.2491192159,0.2550572491192158,2019-06-17
108,98905.3772813595,1159341.1743139266,1258246.551595286,0.2582465515952861,2019-06-18
109,103905.37726860314,1155362.070659561,1259267.4479281642,0.25926744792816425,2019-06-19
110,103905.37726860314,1180061.0556675752,1283966.4329361783,0.2839664329361782,2019-06-20
111,108905.37724869195,1227612.6721355491,1336518.049384241,0.336518049384241,2019-06-21
112,113905.37726658746,1245790.8768939455,1359696.254160533,0.35969625416053286,2019-06-24
113,3515.37818753136,1362424.4370465968,1365939.8152341282,0.3659398152341282,2019-06-25
114,28515.378369136124,1331979.660873981,1360495.039243117,0.360495039243117,2019-06-26
115,43126.542345471265,1294185.7559135903,1337312.2982590615,0.3373122982590615,2019-06-27
116,52672.7648437989,1296317.1963908668,1348989.9612346657,0.34898996123466564,2019-06-28
117,57672.76498187797,1285090.9976888516,1342763.7626707295,0.3427637626707296,2019-07-01
118,62672.764898748086,1315700.168853493,1378372.933752241,0.378372933752241,2019-07-02
119,62672.764898748086,1300783.5019083116,1363456.2668070598,0.3634562668070598,2019-07-03
120,67672.76477486198,1277476.3902858677,1345149.1550607297,0.34514915506072974,2019-07-04
121,72826.38031295096,1261733.50023852,1334559.8805514711,0.3345598805514711,2019-07-05
122,72901.8580345391,1269537.4109298214,1342439.2689643605,0.3424392689643605,2019-07-08
123,78102.5676095391,1239117.228435217,1317219.796044756,0.31721979604475603,2019-07-09
124,83102.56768636404,1234534.4667221464,1317637.0344085104,0.31763703440851043,2019-07-10
125,88102.56761922537,1234520.2188955182,1322622.7865147437,0.32262278651474374,2019-07-11
126,93102.56759269339,1227378.6003582496,1320481.167950943,0.32048116795094317,2019-07-12
127,98102.56748631407,1229860.163017148,1327962.730503462,0.32796273050346203,2019-07-15
128,100578.03945228507,1244064.7843887764,1344642.8238410614,0.3446428238410615,2019-07-16
129,100578.03945228507,1241546.3942042133,1342124.4336564983,0.34212443365649836,2019-07-17
130,100578.03945228507,1233451.316422741,1334029.355875026,0.334029355875026,2019-07-18
131,100578.03945228507,1229279.7470486574,1329857.7865009424,0.32985778650094244,2019-07-19
132,100578.03945228507,1241977.2973314049,1342555.33678369,0.34255533678369,2019-07-22
133,100578.03945228507,1231199.129556215,1331777.1690085,0.33177716900849985,2019-07-23
134,10218.039788482365,1327340.7599076848,1337558.7996961672,0.3375587996961673,2019-07-24
135,25158.02862533539,1334263.4761555935,1359421.5047809288,0.3594215047809288,2019-07-25
136,35186.01673293198,1332187.592924524,1367373.6096574562,0.36737360965745625,2019-07-26
137,40186.01682234849,1329838.5925954184,1370024.609417767,0.37002460941776705,2019-07-29
138,50186.01662890309,1316403.0267685857,1366589.0433974888,0.36658904339748877,2019-07-30
139,55290.70231029042,1312654.8503782628,1367945.5526885532,0.36794555268855333,2019-07-31
140,55345.40304936513,1309456.907121081,1364802.310170446,0.36480231017044606,2019-08-01
141,60345.40301794614,1290463.9896172,1350809.3926351462,0.3508093926351461,2019-08-02
142,60345.40301794614,1266473.0546339345,1326818.4576518806,0.32681845765188067,2019-08-05
143,60345.40301794614,1238309.6013198919,1298655.004337838,0.298655004337838,2019-08-06
144,60345.40301794614,1232483.781676543,1292829.184694489,0.29282918469448904,2019-08-07
145,65345.40316412114,1213145.2621908076,1278490.6653549287,0.2784906653549286,2019-08-08
146,70345.40309497976,1226171.336724968,1296516.7398199476,0.29651673981994753,2019-08-09
147,75345.40302168379,1213260.121825953,1288605.5248476367,0.2886055248476367,2019-08-12
148,80345.40291696272,1235104.863288682,1315450.2662056447,0.31545026620564465,2019-08-13
149,95143.86968115339,1204379.5609604004,1299523.4306415538,0.29952343064155373,2019-08-14
150,100143.86953489331,1205173.526968424,1305317.3965033172,0.30531739650331713,2019-08-15
151,110143.86930969,1207197.154003563,1317341.0233132532,0.3173410233132532,2019-08-16
152,9813.869060007926,1312191.8515191288,1322005.7205791366,0.3220057205791367,2019-08-19
153,14371.819759763785,1358392.1423798027,1372763.9621395664,0.3727639621395664,2019-08-20
154,24371.819760300896,1344031.2744124278,1368403.0941727287,0.36840309417272876,2019-08-21
155,29472.40488367736,1348226.0902281082,1377698.4951117856,0.37769849511178566,2019-08-22
156,34729.86681006744,1343790.1842571225,1378520.0510671898,0.3785200510671898,2019-08-23
157,49729.866927676085,1331354.1349896463,1381084.0019173224,0.3810840019173225,2019-08-26
158,49729.866927676085,1315226.3500933768,1364956.217021053,0.36495621702105296,2019-08-27
159,49729.866927676085,1341960.06170771,1391689.928635386,0.3916899286353861,2019-08-28
160,49729.866927676085,1326561.2314110044,1376291.0983386806,0.3762910983386807,2019-08-29
161,49729.866927676085,1327766.0894045024,1377495.9563321786,0.3774959563321785,2019-08-30
162,54729.86681401337,1313467.7487537796,1368197.615567793,0.36819761556779285,2019-09-02
163,55324.01194049652,1336596.1488875248,1391920.1608280214,0.3919201608280214,2019-09-03
164,55324.01194049652,1335831.0641553998,1391155.0760958963,0.3911550760958964,2019-09-04
165,55324.01194049652,1351889.8658513627,1407213.8777918592,0.40721387779185925,2019-09-05
166,55324.01194049652,1386716.639630246,1442040.6515707425,0.44204065157074246,2019-09-06
167,60324.01187683075,1393335.4835086018,1453659.4953854326,0.4536594953854327,2019-09-09
168,65324.01172424286,1407454.9342687526,1472778.9459929955,0.4727789459929954,2019-09-10
169,70324.01171555146,1400079.572814499,1470403.5845300504,0.4704035845300505,2019-09-11
170,80324.01157797822,1388887.457097185,1469211.4686751633,0.4692114686751634,2019-09-12
171,85366.19563904847,1400881.7681007916,1486247.96373984,0.48624796373984003,2019-09-16
172,90366.1954483014,1377440.9594570948,1467807.1549053963,0.46780715490539637,2019-09-17
173,66.19497226385255,1447384.5940645742,1447450.789036838,0.4474507890368382,2019-09-18
174,9977.040086863462,1430918.7180889072,1440895.7581757708,0.44089575817577065,2019-09-19
175,14977.039986216489,1439197.1054542197,1454174.1454404362,0.4541741454404362,2019-09-20
176,19489.13992420477,1433708.3610885479,1453197.5010127525,0.45319750101275247,2019-09-23
177,29489.13985113348,1407676.6072334882,1437165.7470846218,0.43716574708462175,2019-09-24
178,29489.13985113348,1406283.1533402253,1435772.293191359,0.435772293191359,2019-09-25
179,29526.626128400938,1392345.0887330468,1421871.7148614477,0.4218717148614477,2019-09-26
180,29526.626128400938,1387923.898215658,1417450.524344059,0.41745052434405894,2019-09-27
181,29526.626128400938,1392362.6472040983,1421889.2733324992,0.42188927333249926,2019-09-30
182,29526.626128400938,1360289.1491952776,1389815.7753236785,0.3898157753236786,2019-10-08
183,29526.626128400938,1366880.5054752612,1396407.1316036622,0.39640713160366214,2019-10-09
184,29526.626128400938,1379283.5803271108,1408810.2064555117,0.4088102064555117,2019-10-10
185,29526.626128400938,1390813.5378037924,1420340.1639321933,0.4203401639321933,2019-10-11
186,39526.62582465948,1404596.4983092132,1444123.1241338728,0.4441231241338728,2019-10-14
187,44526.62573676046,1416557.850158356,1461084.4758951163,0.46108447589511625,2019-10-15
188,49238.98395859274,1397066.6366911281,1446305.6206497208,0.4463056206497207,2019-10-16
189,49238.98395859274,1388863.611579955,1438102.5955385477,0.4381025955385478,2019-10-17
190,54238.98416348471,1381815.0017854206,1436053.9859489053,0.43605398594890543,2019-10-18
191,54248.23784345908,1353627.546166306,1407875.784009765,0.4078757840097649,2019-10-21
192,54248.23784345908,1353476.63262614,1407724.870469599,0.40772487046959904,2019-10-22
193,64248.237779616116,1353715.244400724,1417963.4821803402,0.4179634821803402,2019-10-23
194,74248.23774191241,1336052.2521460853,1410300.4898879977,0.41030048988799783,2019-10-24
195,84248.23786374564,1326111.632773565,1410359.8706373104,0.4103598706373104,2019-10-25
196,89248.2379885816,1328107.6363593587,1417355.8743479403,0.4173558743479404,2019-10-28
197,94248.2378668241,1342530.0922831572,1436778.3301499812,0.43677833014998124,2019-10-29
198,104248.23763113571,1304615.7483665757,1408863.9859977113,0.40886398599771123,2019-10-30
199,109248.23754312262,1225729.2024048506,1334977.4399479732,0.33497743994797324,2019-10-31
200,8918.237550747623,1386760.8468006765,1395679.0843514241,0.3956790843514242,2019-11-01
201,18883.861969571248,1395228.6453872998,1414112.5073568712,0.4141125073568712,2019-11-04
202,18953.229229324283,1410241.7564682304,1429194.9856975547,0.42919498569755477,2019-11-05
203,23953.22907861322,1423875.4236795043,1447828.6527581175,0.44782865275811745,2019-11-06
204,24388.924877691592,1415797.7691097436,1440186.6939874352,0.44018669398743526,2019-11-07
205,29348.143522351016,1410686.930479657,1440035.074002008,0.44003507400200803,2019-11-08
206,34348.143457217346,1396161.5957593948,1430509.7392166122,0.4305097392166122,2019-11-11
207,39348.14342825006,1370738.6885472299,1410086.8319754798,0.4100868319754798,2019-11-12
208,39348.14342825006,1372007.9204091346,1411356.0638373846,0.41135606383738454,2019-11-13
209,39348.14342825006,1362903.733879956,1402251.877308206,0.402251877308206,2019-11-14
210,49005.33148790735,1354281.1760621811,1403286.5075500885,0.40328650755008844,2019-11-15
211,54005.3316000152,1350003.9552740003,1404009.2868740156,0.4040092868740155,2019-11-18
212,59005.33158906702,1358642.7888421547,1417648.1204312218,0.4176481204312217,2019-11-19
213,59005.33158906702,1364996.368843101,1424001.700432168,0.4240017004321681,2019-11-20
214,64005.331684676305,1340942.0284816993,1404947.3601663755,0.40494736016637556,2019-11-21
215,64005.331684676305,1332269.7840019038,1396275.11568658,0.39627511568658,2019-11-22
216,64005.331684676305,1323384.0303257322,1387389.3620104084,0.3873893620104085,2019-11-25
217,69005.33174307474,1319978.5172058837,1388983.8489489586,0.38898384894895854,2019-11-26
218,74005.33161568292,1315161.414544234,1389166.746159917,0.3891667461599171,2019-11-27
219,74005.33161568292,1311517.6303369363,1385522.9619526193,0.38552296195261926,2019-11-28
220,74005.33161568292,1308029.5613650896,1382034.8929807725,0.38203489298077264,2019-11-29
221,79692.93331126169,1296832.20351012,1376525.1368213817,0.3765251368213818,2019-12-02
222,84692.93350145944,1298353.5198261202,1383046.4533275797,0.3830464533275797,2019-12-03
223,94692.93359051278,1296524.3534678747,1391217.2870583874,0.39121728705838743,2019-12-04
224,94692.93359051278,1291037.0651244211,1385729.9987149339,0.38572999871493385,2019-12-05
225,99692.93359895147,1301202.5777645586,1400895.51136351,0.40089551136351,2019-12-06
226,99692.93359895147,1303199.0597564827,1402891.9933554342,0.40289199335543424,2019-12-09
227,104692.93363233007,1303089.2492277164,1407782.1828600464,0.4077821828600463,2019-12-10
228,9377.932365020124,1398563.6391985235,1407941.5715635435,0.4079415715635435,2019-12-11
229,24367.8163486215,1391758.309209844,1416126.1255584655,0.4161261255584654,2019-12-12
230,34307.785839667646,1381509.1170687412,1415816.9029084088,0.4158169029084089,2019-12-13
231,34307.785839667646,1427682.152907847,1461989.9387475145,0.4619899387475146,2019-12-16
232,44270.80314384932,1440066.63291549,1484337.4360593394,0.48433743605933954,2019-12-17
233,49270.80315564131,1451317.6449407847,1500588.448096426,0.500588448096426,2019-12-18
234,59270.803199073925,1442902.529609506,1502173.33280858,0.50217333280858,2019-12-19
235,64270.80334627699,1429934.8942931113,1494205.6976393883,0.49420569763938826,2019-12-20
236,69270.80326754316,1421482.4347206894,1490753.2379882326,0.49075323798823267,2019-12-23
237,74444.61926708158,1385913.4813218354,1460358.100588917,0.460358100588917,2019-12-24
238,79444.6190237924,1396463.5011580635,1475908.120181856,0.475908120181856,2019-12-25
239,83267.54891298612,1391324.9664026129,1474592.515315599,0.474592515315599,2019-12-26
240,83267.54891298612,1422402.3875029264,1505669.9364159126,0.5056699364159125,2019-12-27
241,93267.5487039102,1391201.4483478863,1484468.9970517964,0.48446899705179636,2019-12-30
242,93701.10424046264,1435351.7439926418,1529052.8482331045,0.5290528482331045,2019-12-31
243,98701.10443001952,1421802.818952618,1520503.9233826376,0.5205039233826376,2020-01-02
244,98701.10443001952,1454103.4400991653,1552804.544529185,0.5528045445291849,2020-01-03
245,103701.10422894378,1451055.08538657,1554756.189615514,0.554756189615514,2020-01-06
246,3371.1043841103556,1543846.0864234986,1547217.190807609,0.5472171908076089,2020-01-07
247,13371.104576332378,1547754.468386832,1561125.5729631642,0.5611255729631641,2020-01-08
248,18249.121402974226,1510705.8083738985,1528954.9297768727,0.5289549297768728,2020-01-09
249,27954.422231910612,1521549.7740309052,1549504.1962628157,0.5495041962628158,2020-01-10
250,32879.93932528219,1521077.0119092353,1553956.9512345174,0.5539569512345175,2020-01-13
251,37879.93937365255,1537458.744958116,1575338.6843317684,0.5753386843317685,2020-01-14
252,42890.001251524256,1520758.2886562657,1563648.28990779,0.5636482899077899,2020-01-15
253,48054.85109465475,1501678.4593106897,1549733.3104053445,0.5497333104053446,2020-01-16
254,48054.85109465475,1494985.6221487168,1543040.4732433716,0.5430404732433716,2020-01-17
255,48054.85109465475,1505600.311283032,1553655.1623776867,0.5536551623776866,2020-01-20
256,48054.85109465475,1522857.0580406077,1570911.9091352625,0.5709119091352626,2020-01-21
257,48054.85109465475,1499135.3590565324,1547190.2101511871,0.5471902101511872,2020-01-22
258,48054.85109465475,1534693.5911181793,1582748.442212834,0.582748442212834,2020-01-23
259,48054.85109465475,1492266.561847583,1540321.4129422377,0.5403214129422378,2020-02-03
260,48054.85109465475,1364189.0449335626,1412243.8960282174,0.4122438960282173,2020-02-04
261,52937.698036109825,1394956.6342127456,1447894.3322488554,0.44789433224885533,2020-02-05
262,52937.698036109825,1403547.9626108622,1456485.660646972,0.45648566064697205,2020-02-06
263,52937.698036109825,1444153.9389645318,1497091.6370006416,0.4970916370006415,2020-02-07
264,52937.698036109825,1450221.5273130424,1503159.2253491522,0.5031592253491521,2020-02-10
265,52937.698036109825,1445372.8940618585,1498310.5920979683,0.49831059209796824,2020-02-11
266,52937.698036109825,1454530.9367733689,1507468.6348094787,0.5074686348094786,2020-02-12
267,52937.698036109825,1479324.7460745452,1532262.444110655,0.5322624441106549,2020-02-13
268,57937.697893628974,1457985.7524013564,1515923.4502949854,0.5159234502949854,2020-02-14
269,62937.69781288557,1465457.3185436907,1528395.0163565762,0.5283950163565763,2020-02-17
270,62937.69781288557,1513445.5680162841,1576383.2658291697,0.5763832658291697,2020-02-18
271,62937.69781288557,1507056.7992640217,1569994.4970769072,0.5699944970769073,2020-02-19
272,62937.69781288557,1502379.1377865407,1565316.8355994262,0.5653168355994262,2020-02-20
273,62937.69781288557,1550262.9645780397,1613200.6623909252,0.6132006623909252,2020-02-21
274,62937.69781288557,1551464.704088713,1614402.4019015986,0.6144024019015986,2020-02-24
275,67937.69765065718,1548124.2079491103,1616061.9055997676,0.6160619055997676,2020-02-25
276,67937.69765065718,1535291.0541744395,1603228.7518250968,0.6032287518250967,2020-02-26
277,67937.69765065718,1519374.650867424,1587312.3485180812,0.5873123485180813,2020-02-27
278,72937.69764548368,1535110.4202027163,1608048.1178482,0.6080481178482,2020-02-28
279,77937.69752621908,1447095.3367540454,1525033.0342802645,0.5250330342802645,2020-03-02
280,77937.69752621908,1494846.6041692472,1572784.3016954663,0.5727843016954663,2020-03-03
281,87937.69787018881,1510130.829110432,1598068.5269806208,0.5980685269806207,2020-03-04
282,92937.69775360862,1506820.0961061965,1599757.7938598052,0.5997577938598053,2020-03-05
283,97937.69775349875,1543640.9205362876,1641578.6182897864,0.6415786182897865,2020-03-06
284,97937.69775349875,1498921.9446935928,1596859.6424470916,0.5968596424470916,2020-03-09
285,97937.69775349875,1449290.1935334145,1547227.8912869133,0.5472278912869133,2020-03-10
286,97937.69775349875,1487417.3192463047,1585355.0169998035,0.5853550169998034,2020-03-11
287,97937.69775349875,1446871.646888759,1544809.3446422578,0.5448093446422577,2020-03-12
288,97937.69775349875,1433318.8362201308,1531256.5339736296,0.5312565339736295,2020-03-13
289,97937.69775349875,1421801.674343848,1519739.3720973467,0.5197393720973467,2020-03-16
290,97937.69775349875,1347741.8938074294,1445679.5915609282,0.4456795915609282,2020-03-17
291,97937.69775349875,1359009.30766483,1456947.0054183288,0.4569470054183289,2020-03-18
292,97937.69775349875,1323347.7121786328,1421285.4099321316,0.4212854099321317,2020-03-19
293,97937.69775349875,1320316.4534951437,1418254.1512486425,0.4182541512486424,2020-03-20
294,97937.69775349875,1338255.0350669215,1436192.7328204203,0.43619273282042026,2020-03-23
295,102937.69784013511,1282504.0077117574,1385441.7055518925,0.3854417055518926,2020-03-24
296,2577.698963763509,1411946.1513334643,1414523.8502972277,0.4145238502972277,2020-03-25
297,2577.698963763509,1454637.1891721948,1457214.8881359582,0.4572148881359581,2020-03-26
298,12577.699103115927,1435115.5310350868,1447693.2301382027,0.4476932301382026,2020-03-27
299,32577.698749380575,1418663.9098489215,1451241.6085983021,0.4512416085983022,2020-03-30
300,36633.11650227212,1407527.3211321742,1444160.4376344464,0.44416043763444635,2020-03-31
301,36759.04397083901,1397160.4322240818,1433919.476194921,0.433919476194921,2020-04-01
302,46759.04421237649,1382835.120370781,1429594.1645831575,0.4295941645831576,2020-04-02
303,46759.04421237649,1412278.5537947663,1459037.5980071428,0.45903759800714283,2020-04-03
304,46759.04421237649,1394442.976661093,1441202.0208734695,0.4412020208734695,2020-04-07
305,47289.924460379116,1419011.2579782265,1466301.1824386057,0.46630118243860563,2020-04-08
306,52289.92436023263,1405565.8680342047,1457855.7923944374,0.4578557923944373,2020-04-09
307,52847.46081637582,1409178.1594794283,1462025.6202958042,0.4620256202958042,2020-04-10
308,52847.46081637582,1389797.0687017771,1442644.529518153,0.44264452951815314,2020-04-13
309,52847.46081637582,1369809.58606283,1422657.0468792059,0.4226570468792059,2020-04-14
310,57847.46074861535,1410365.6107906415,1468213.071539257,0.46821307153925695,2020-04-15
311,64322.95302171868,1403363.6574228667,1467686.6104445853,0.46768661044458537,2020-04-16
312,64322.95302171868,1434799.6787015982,1499122.6317233169,0.49912263172331683,2020-04-17
313,69322.95275714349,1431534.3085407983,1500857.2612979417,0.5008572612979416,2020-04-20
314,69322.95275714349,1435159.2177760731,1504482.1705332166,0.5044821705332165,2020-04-21
315,69322.95275714349,1416010.2847100652,1485333.2374672086,0.4853332374672086,2020-04-22
316,69322.95275714349,1417501.3403010233,1486824.2930581667,0.48682429305816677,2020-04-23
317,74322.95272889947,1400472.9487801269,1474795.9015090263,0.4747959015090264,2020-04-24
318,74322.95272889947,1378505.9644255936,1452828.917154493,0.452828917154493,2020-04-27
319,74322.95272889947,1391041.362668779,1465364.3153976784,0.4653643153976783,2020-04-28
320,74322.95272889947,1408848.228442486,1483171.1811713853,0.48317118117138524,2020-04-29
321,74322.95272889947,1416596.7849905523,1490919.7377194518,0.49091973771945185,2020-04-30
322,79322.95290828713,1438003.6699337782,1517326.6228420653,0.5173266228420652,2020-05-06
323,79322.95290828713,1438061.0995839091,1517384.0524921962,0.5173840524921962,2020-05-07
324,80495.14336536416,1423454.169327384,1503949.3126927481,0.5039493126927481,2020-05-08
325,85495.14340783242,1434177.4433994712,1519672.5868073036,0.5196725868073035,2020-05-11
326,90495.14336145791,1423057.7320093622,1513552.87537082,0.5135528753708201,2020-05-12
327,90495.14336145791,1419850.4048140335,1510345.5481754914,0.5103455481754915,2020-05-13
328,90495.14336145791,1417805.4748211997,1508300.6181826575,0.5083006181826575,2020-05-14
329,95495.14353590555,1399758.8158579739,1495253.9593938794,0.4952539593938794,2020-05-15
330,95495.14353590555,1402018.6357827275,1497513.779318633,0.49751377931863305,2020-05-18
331,150.14188093605225,1488782.1187124318,1488932.2605933677,0.4889322605933677,2020-05-19
332,5150.141838461687,1502047.9094914899,1507198.0513299515,0.5071980513299514,2020-05-20
333,15150.142034334185,1480505.4945547539,1495655.636589088,0.49565563658908807,2020-05-21
334,15150.142034334185,1472525.2711109952,1487675.4131453293,0.48767541314532936,2020-05-22
335,15194.652007429888,1430078.569774442,1445273.2217818717,0.4452732217818718,2020-05-25
336,30002.88633784981,1406043.0490470452,1436045.935384895,0.4360459353848949,2020-05-26
337,40086.584409300616,1412434.0813784157,1452520.6657877164,0.4525206657877163,2020-05-27
338,40086.584409300616,1400001.8502247597,1440088.4346340604,0.44008843463406033,2020-05-28
339,45086.584254088215,1408173.550513047,1453260.1347671351,0.4532601347671352,2020-05-29
340,45108.889780974205,1399300.774075038,1444409.6638560123,0.4444096638560122,2020-06-01
341,50108.88991525155,1442719.3656272332,1492828.2555424848,0.49282825554248477,2020-06-02
342,50108.88991525155,1445159.6170941184,1495268.50700937,0.4952685070093701,2020-06-03
343,55108.89009257089,1432505.662417781,1487614.5525103519,0.4876145525103519,2020-06-04
344,55243.63416570321,1422022.9079365311,1477266.5421022344,0.4772665421022344,2020-06-05
345,55243.63416570321,1437927.7089991134,1493171.3431648167,0.4931713431648168,2020-06-08
346,55243.63416570321,1436701.0040067704,1491944.6381724738,0.4919446381724737,2020-06-09
347,55243.63416570321,1445733.0001198302,1500976.6342855336,0.5009766342855335,2020-06-10
348,55243.63416570321,1437084.752592517,1492328.3867582204,0.49232838675822044,2020-06-11
349,60243.63413060799,1420291.6968745422,1480535.3310051502,0.4805353310051501,2020-06-12
350,60243.63413060799,1409020.5815802657,1469264.2157108737,0.46926421571087373,2020-06-15
351,60243.63413060799,1406333.3068069443,1466576.9409375524,0.4665769409375524,2020-06-16
352,60243.63413060799,1422522.6616549012,1482766.2957855093,0.4827662957855092,2020-06-17
353,80243.63415047494,1404352.3841469863,1484596.0182974613,0.48459601829746135,2020-06-18
354,85243.6344382557,1407950.0555188158,1493193.6899570716,0.49319368995707147,2020-06-19
355,90243.63447945443,1443668.5523087753,1533912.1867882297,0.5339121867882297,2020-06-22
356,90243.63447945443,1458650.90185139,1548894.5363308445,0.5488945363308446,2020-06-23
357,90243.63447945443,1470981.7445588226,1561225.379038277,0.5612253790382771,2020-06-24
358,90243.63447945443,1484187.6223501023,1574431.2568295568,0.5744312568295569,2020-06-29
359,95243.6343102253,1454557.9951195223,1549801.6294297476,0.5498016294297476,2020-06-30
360,95243.6343102253,1483528.1273604187,1578771.761670644,0.578771761670644,2020-07-01
361,95243.6343102253,1524716.091341725,1619959.7256519503,0.6199597256519502,2020-07-02
362,95243.6343102253,1585990.4548498536,1681234.089160079,0.681234089160079,2020-07-03
363,95243.6343102253,1668232.514964166,1763476.1492743914,0.7634761492743913,2020-07-06
364,100243.63438773995,1810604.6737922363,1910848.3081799762,0.9108483081799761,2020-07-07
365,100243.63438773995,1792401.2539517516,1892644.8883394916,0.8926448883394915,2020-07-08
366,100243.63438773995,1848119.7497003328,1948363.3840880727,0.9483633840880727,2020-07-09
367,102641.39115936165,1832287.9168247986,1934929.3079841603,0.9349293079841603,2020-07-10
368,102641.39115936165,1762150.8892557006,1864792.2804150623,0.8647922804150623,2020-07-13
369,2341.3906655506607,1877927.4603186538,1880268.8509842046,0.8802688509842045,2020-07-14
370,7341.390753831911,1853523.1859039278,1860864.5766577597,0.8608645766577596,2020-07-15
371,12042.08965858426,1820415.5654545845,1832457.6551131688,0.8324576551131688,2020-07-16
372,12042.08965858426,1720164.8751701568,1732206.964828741,0.732206964828741,2020-07-17
373,16869.699447704745,1707264.957133136,1724134.6565808407,0.7241346565808406,2020-07-20
374,16869.699447704745,1771215.1433634644,1788084.842811169,0.7880848428111691,2020-07-21
375,21725.763791958285,1743214.0079701324,1764939.7717620907,0.7649397717620907,2020-07-22
376,21725.763791958285,1748734.3384673751,1770460.1022593335,0.7704601022593334,2020-07-23
377,21725.763791958285,1731447.3775956559,1753173.1413876142,0.7531731413876142,2020-07-24
378,21725.763791958285,1661261.431303041,1682987.1950949994,0.6829871950949995,2020-07-27
379,21725.763791958285,1662573.4303648125,1684299.1941567708,0.6842991941567709,2020-07-28
380,21725.763791958285,1664281.2489663302,1686007.0127582885,0.6860070127582885,2020-07-29
381,36725.76374618192,1713341.15549508,1750066.919241262,0.7500669192412619,2020-07-30
382,36725.76374618192,1689254.5794771216,1725980.3432233036,0.7259803432233036,2020-07-31
383,56725.763952480746,1675384.6027921594,1732110.3667446403,0.7321103667446403,2020-08-03
384,66725.76424728055,1694036.0095292937,1760761.7737765743,0.7607617737765744,2020-08-04
385,71725.76427627224,1695798.6861081833,1767524.4503844555,0.7675244503844556,2020-08-05
386,76725.76421645778,1674462.5311113852,1751188.295327843,0.751188295327843,2020-08-06
387,91725.76454574245,1711448.1064171423,1803173.8709628847,0.8031738709628848,2020-08-07
388,101725.76467788356,1692915.362129263,1794641.1268071467,0.7946411268071467,2020-08-10
389,111725.76494811672,1738643.3879665078,1850369.1529146244,0.8503691529146244,2020-08-11
390,121725.76479003567,1677290.1866894998,1799015.9514795355,0.7990159514795356,2020-08-12
391,6350.764747313818,1806658.7887305603,1813009.5534778743,0.8130095534778743,2020-08-13
392,16350.76434570249,1785239.4643931794,1801590.2287388819,0.8015902287388819,2020-08-14
393,21350.764347533543,1796631.1615020242,1817981.9258495576,0.8179819258495575,2020-08-17
394,26350.764269408544,1842768.0429849015,1869118.80725431,0.8691188072543099,2020-08-18
395,31350.76448608335,1826728.441320108,1858079.2058061913,0.8580792058061912,2020-08-19
396,31661.15958171781,1802446.9726671937,1834108.1322489115,0.8341081322489114,2020-08-20
397,32967.12345134671,1758649.0982255097,1791616.2216768565,0.7916162216768565,2020-08-21
398,37967.12348979886,1768092.4390348939,1806059.5625246926,0.8060595625246927,2020-08-24
399,37967.12348979886,1762722.3753394822,1800689.498829281,0.800689498829281,2020-08-25
400,37967.12348979886,1747722.2190488367,1785689.3425386357,0.7856893425386358,2020-08-26
401,43021.75518993314,1705132.9215076636,1748154.6766975967,0.7481546766975966,2020-08-27
402,47939.21650012906,1719213.868137484,1767153.084637613,0.7671530846376131,2020-08-28
403,52699.1101365846,1757447.9491999114,1810147.059336496,0.8101470593364961,2020-08-31
404,52699.1101365846,1727570.837245224,1780269.9473818087,0.7802699473818087,2020-09-01
405,57612.81958848889,1728724.757886055,1786337.5774745438,0.7863375774745438,2020-09-02
406,57612.81958848889,1723127.5023572845,1780740.3219457734,0.7807403219457734,2020-09-03
407,57612.81958848889,1707946.8439813554,1765559.6635698443,0.7655596635698443,2020-09-04
408,62445.67549669201,1683300.7524750382,1745746.4279717302,0.7457464279717303,2020-09-07
409,62445.67549669201,1641507.6289244355,1703953.3044211275,0.7039533044211275,2020-09-08
410,62445.67549669201,1678908.6851627228,1741354.360659415,0.7413543606594148,2020-09-09
411,62445.67549669201,1652274.8111010697,1714720.4865977617,0.7147204865977617,2020-09-10
412,62445.67549669201,1649166.7139564299,1711612.389453122,0.7116123894531219,2020-09-11
413,62445.67549669201,1652653.5960781737,1715099.2715748658,0.7150992715748659,2020-09-14
414,62445.67549669201,1655045.4226707336,1717491.0981674257,0.7174910981674256,2020-09-15
415,67445.67538438733,1656692.9654027405,1724138.640787128,0.724138640787128,2020-09-16
416,67445.67538438733,1653794.8792130128,1721240.5545974001,0.7212405545974001,2020-09-17
417,67445.67538438733,1635096.1504440857,1702541.825828473,0.702541825828473,2020-09-18
418,82445.67536912854,1673630.869637294,1756076.5450064226,0.7560765450064226,2020-09-21
419,87445.6755233949,1660653.2298237917,1748098.9053471866,0.7480989053471867,2020-09-22
420,87445.6755233949,1640830.087947023,1728275.763470418,0.728275763470418,2020-09-23
421,87445.6755233949,1630527.502450049,1717973.1779734439,0.717973177973444,2020-09-24
422,92445.67551668103,1603585.3614546738,1696031.0369713549,0.6960310369713549,2020-09-25
423,92445.67551668103,1615029.452805461,1707475.128322142,0.7074751283221419,2020-09-28
424,92445.67551668103,1613333.143924057,1705778.819440738,0.7057788194407382,2020-09-29
425,97445.67551546033,1606797.224064699,1704242.8995801592,0.7042428995801593,2020-09-30
426,97445.67551546033,1594787.6728914445,1692233.3484069048,0.6922333484069048,2020-10-09
427,97445.67551546033,1623256.9035238845,1720702.5790393448,0.7207025790393449,2020-10-12
428,111841.03266450818,1664721.77745327,1776562.8101177781,0.7765628101177782,2020-10-13
429,111841.03266450818,1659530.6086811845,1771371.6413456926,0.7713716413456926,2020-10-14
430,111841.03266450818,1645687.6748570984,1757528.7075216065,0.7575287075216064,2020-10-15
431,116841.03266328748,1651224.548494635,1768065.5811579223,0.7680655811579222,2020-10-16
432,121850.41585573132,1650138.5904936646,1771989.006349396,0.7719890063493959,2020-10-19
433,121850.41585573132,1642064.5613089295,1763914.9771646608,0.7639149771646607,2020-10-20
434,121850.41585573132,1628951.7845309814,1750802.2003867128,0.7508022003867127,2020-10-21
435,126850.41600831921,1621989.145701822,1748839.5617101411,0.7488395617101411,2020-10-22
436,1475.4152958105797,1748135.706547268,1749611.1218430786,0.7496111218430785,2020-10-23
437,11428.47294424045,1719999.9456375488,1731428.4185817894,0.7314284185817894,2020-10-26
438,21407.57776113498,1674506.646163211,1695914.223924346,0.6959142239243461,2020-10-27
439,51353.81443532932,1651972.3326542717,1703326.147089601,0.7033261470896011,2020-10-28
440,61202.357532710914,1639321.9478792641,1700524.3054119751,0.7005243054119752,2020-10-29
441,66202.35751363743,1638617.0402415139,1704819.3977551514,0.7048193977551513,2020-10-30
442,71202.35766988742,1606638.3274517395,1677840.6851216268,0.6778406851216268,2020-11-02
443,86090.12373090732,1578754.3263115343,1664844.4500424415,0.6648444500424415,2020-11-03
444,86184.82498670566,1612712.7709553468,1698897.5959420523,0.6988975959420523,2020-11-04
445,96184.82501276003,1606855.8755741143,1703040.7005868743,0.7030407005868742,2020-11-05
446,106184.8250163077,1611048.356889453,1717233.1819057607,0.7172331819057607,2020-11-06
447,111184.82497785555,1602939.9330990724,1714124.758076928,0.7141247580769281,2020-11-09
448,10824.82437080668,1757765.1020877054,1768589.926458512,0.7685899264585119,2020-11-10
449,30768.958412096963,1726996.0603917236,1757765.0188038207,0.7577650188038207,2020-11-11
450,31198.085754778847,1709765.206410647,1740963.2921654258,0.7409632921654259,2020-11-12
451,46198.0859859495,1679558.0581720208,1725756.1441579703,0.7257561441579703,2020-11-13
452,61198.08590111064,1643976.2821170287,1705174.3680181394,0.7051743680181395,2020-11-16
453,71198.08588585185,1643757.815502327,1714955.9013881788,0.7149559013881788,2020-11-17
454,76198.08588463115,1641178.6255146014,1717376.7113992325,0.7173767113992324,2020-11-18
455,81198.08595283794,1640351.8790538793,1721549.9650067172,0.7215499650067172,2020-11-19
456,81198.08595283794,1644599.2721195442,1725797.3580723822,0.7257973580723822,2020-11-20
457,81198.08595283794,1643737.60944171,1724935.695394548,0.7249356953945478,2020-11-23
458,88375.74592773723,1658993.6694007805,1747369.4153285178,0.7473694153285177,2020-11-24
459,93591.84075065897,1639431.0451042082,1733022.885854867,0.7330228858548671,2020-11-25
460,93591.84075065897,1619197.5542397546,1712789.3949904134,0.7127893949904134,2020-11-26
461,98591.8409215574,1627551.6617585374,1726143.502680095,0.7261435026800949,2020-11-27
462,98762.14243278788,1664888.7945225332,1763650.936955321,0.763650936955321,2020-11-30
463,108762.14218750285,1641643.5415045167,1750405.6836920197,0.7504056836920197,2020-12-01
464,113839.63396812724,1678574.0497159958,1792413.683684123,0.7924136836841229,2020-12-02
465,113839.63396812724,1669722.695730152,1783562.3296982793,0.7835623296982792,2020-12-03
466,13220.032763317515,1765799.1825517083,1779019.2153150258,0.7790192153150257,2020-12-04
467,33200.066452530315,1726192.0154587554,1759392.0819112856,0.7593920819112856,2020-12-07
468,42915.61785450786,1695433.664949112,1738349.28280362,0.73834928280362,2020-12-08
469,47898.5239073643,1678005.4561704635,1725903.9800778278,0.7259039800778277,2020-12-09
470,57898.52414540141,1639893.8053775786,1697792.32952298,0.69779232952298,2020-12-10
471,57898.52414540141,1641947.885606518,1699846.4097519193,0.6998464097519193,2020-12-11
472,57898.52414540141,1626550.1478003692,1684448.6719457705,0.6844486719457705,2020-12-14
473,57898.52414540141,1631003.8193030548,1688902.3434484561,0.6889023434484562,2020-12-15
474,57898.52414540141,1620337.7671143531,1678236.2912597544,0.6782362912597544,2020-12-16
475,67898.52437733501,1607994.710063286,1675893.234440621,0.675893234440621,2020-12-17
476,72898.52450756877,1620832.8180323793,1693731.342539948,0.6937313425399478,2020-12-18
477,82898.5247491917,1591270.311914673,1674168.8366638648,0.6741688366638647,2020-12-21
478,87898.52480007976,1591773.7439008523,1679672.2687009322,0.6796722687009322,2020-12-22
479,92898.52487576335,1535514.5846821023,1628413.1095578657,0.6284131095578656,2020-12-23
480,92898.52487576335,1547268.1097309496,1640166.634606713,0.640166634606713,2020-12-24
481,102898.52452648967,1520759.5448309707,1623658.0693574604,0.6236580693574603,2020-12-25
482,2538.5245772046214,1622760.2513250732,1625298.7759022778,0.6252987759022779,2020-12-28
483,22479.14161638919,1598052.0658137323,1620531.2074301215,0.6205312074301215,2020-12-29
484,32479.141926104465,1596643.2674101638,1629122.4093362682,0.6291224093362682,2020-12-30
485,42554.90567104999,1601247.7132954407,1643802.6189664907,0.6438026189664907,2020-12-31
