trade_date,ts_code,date,close,open,high,low,pre_close,change,pct_chg,vol,amount
2019/1/3,000016.SH,20190103,2269.243,2259.4825,2287.7778,2253.9433,2262.7908,6.4522,0.2851,18895240,24534925.49
2019/1/4,000016.SH,20190104,2314.6466,2252.7449,2316.3528,2249.3658,2269.243,45.4036,2.0008,25900596,34317942.56
2019/1/7,000016.SH,20190107,2314.3193,2329.0316,2331.6031,2306.8979,2314.6466,-0.3273,-0.0141,25278948,31955994.37
2019/1/8,000016.SH,20190108,2305.1708,2312.1705,2312.1705,2298.9548,2314.3193,-9.1485,-0.3953,18131160,22329122.13
2019/1/9,000016.SH,20190109,2332.7192,2320.9119,2360.3601,2318.4352,2305.1708,27.5484,1.1951,28747596,37485405.83
2019/1/10,000016.SH,20190110,2331.8507,2333.2162,2345.3313,2321.3049,2332.7192,-0.8685,-0.0372,22280507,28880603.07
2019/1/11,000016.SH,20190111,2354.4987,2342.0236,2360.0609,2334.9145,2331.8507,22.648,0.9712,18417693,24514111.75
2019/1/14,000016.SH,20190114,2331.1358,2350.256,2354.3082,2330.0042,2354.4987,-23.3629,-0.9923,16462252,20643865.54
2019/1/15,000016.SH,20190115,2378.3696,2337.7021,2380.5995,2332.4095,2331.1358,47.2338,2.0262,22466336,32220714.37
2019/1/16,000016.SH,20190116,2381.2178,2375.1705,2385.216,2366.3446,2378.3696,2.8482,0.1198,18097039,25235752.77
2019/1/17,000016.SH,20190117,2371.3481,2388.5925,2396.7993,2370.5809,2381.2178,-9.8697,-0.4145,21555000,26964929.42
2019/1/18,000016.SH,20190118,2417.363,2385.6219,2422.029,2380.5624,2371.3481,46.0149,1.9405,30088200,37495330.1
2019/1/21,000016.SH,20190121,2432.487,2418.0047,2443.2254,2418.0047,2417.363,15.124,0.6256,26237236,33912529.4
2019/1/22,000016.SH,20190122,2401.233,2430.4346,2430.4346,2394.1847,2432.487,-31.254,-1.2849,19373137,25702750.01
2019/1/23,000016.SH,20190123,2397.0493,2397.4091,2414.024,2392.6418,2401.233,-4.1837,-0.1742,16290135,20185057.24
2019/1/24,000016.SH,20190124,2411.5621,2401.3761,2414.888,2385.0986,2397.0493,14.5128,0.6054,20415697,27328503.93
2019/1/25,000016.SH,20190125,2441.64,2419.2563,2453.6657,2418.0088,2411.5621,30.0779,1.2472,25683679,32544229.95
2019/1/28,000016.SH,20190128,2437.0261,2455.2764,2473.1187,2429.8798,2441.64,-4.6139,-0.189,23468163,32696609.44
2019/1/29,000016.SH,20190129,2455.8968,2433.3057,2461.5178,2423.4611,2437.0261,18.8707,0.7743,21863480,27141683.08
2019/1/30,000016.SH,20190130,2440.0146,2445.8648,2462.6055,2439.3315,2455.8968,-15.8822,-0.6467,17835170,22414217.28
2019/1/31,000016.SH,20190131,2483.4709,2454.6436,2487.0965,2450.1839,2440.0146,43.4563,1.781,26681298,34141608.09
2019/2/1,000016.SH,20190201,2499.6442,2502.1044,2503.5526,2479.3375,2483.4709,16.1733,0.6512,21950054,29364022.98
2019/2/11,000016.SH,20190211,2527.4736,2485.5032,2528.3844,2484.6479,2499.6442,27.8294,1.1133,25211570,34715191.18
2019/2/12,000016.SH,20190212,2533.1817,2528.103,2537.2935,2515.026,2527.4736,5.7081,0.2258,25458804,33771727.41
2019/2/13,000016.SH,20190213,2580.6116,2538.4162,2587.8764,2528.2264,2533.1817,47.4299,1.8723,39821832,48008835.51
2019/2/14,000016.SH,20190214,2576.3062,2572.6415,2585.5084,2564.8712,2580.6116,-4.3054,-0.1668,27718515,35168460.07
2019/2/15,000016.SH,20190215,2517.4622,2566.3365,2568.7861,2515.8877,2576.3062,-58.844,-2.284,30315796,39093901.91
2019/2/18,000016.SH,20190218,2582.8512,2540.5321,2583.3972,2540.2963,2517.4622,65.389,2.5974,37400592,47875957.6
2019/2/19,000016.SH,20190219,2579.0463,2586.8583,2614.3646,2568.1759,2582.8512,-3.8049,-0.1473,37907379,49607504.22
2019/2/20,000016.SH,20190220,2588.166,2593.7887,2599.5452,2569.983,2579.0463,9.1197,0.3536,29965181,38166831.75
2019/2/21,000016.SH,20190221,2577.2255,2586.7389,2615.4696,2569.4752,2588.166,-10.9405,-0.4227,35252855,44405018.41
2019/2/22,000016.SH,20190222,2623.0736,2575.9981,2623.0931,2555.7256,2577.2255,45.8481,1.779,41384151,53491957.47
2019/2/25,000016.SH,20190225,2787.6987,2652.9056,2788.6667,2652.9056,2623.0736,164.6251,6.276,96939051,125003280.1
2019/2/26,000016.SH,20190226,2733.9005,2781.3088,2804.1631,2729.4761,2787.6987,-53.7982,-1.9298,87230161,114283254.8
2019/2/27,000016.SH,20190227,2750.3391,2739.1109,2794.9321,2722.3094,2733.9005,16.4386,0.6013,75508865,91098634.6
2019/2/28,000016.SH,20190228,2743.9716,2749.8699,2767.8608,2733.0302,2750.3391,-6.3675,-0.2315,46340959,62186339.13
2019/3/1,000016.SH,20190301,2819.4681,2764.9462,2819.4681,2747.2132,2743.9716,75.4965,2.7514,56100147,76333697.13
2019/3/4,000016.SH,20190304,2832.5878,2839.4045,2907.8176,2816.9787,2819.4681,13.1197,0.4653,92180167,118854256.2
2019/3/5,000016.SH,20190305,2828.8685,2829.4997,2835.106,2807.1226,2832.5878,-3.7193,-0.1313,60349235,75288723.6
2019/3/6,000016.SH,20190306,2840.2717,2827.8574,2847.3784,2797.5022,2828.8685,11.4032,0.4031,69492224,91060938.2
2019/3/7,000016.SH,20190307,2789.7001,2831.3614,2831.3614,2773.3527,2840.2717,-50.5716,-1.7805,73263959,102232455.3
2019/3/8,000016.SH,20190308,2685.592,2731.5301,2753.5526,2684.1969,2789.7001,-104.1081,-3.7319,72033928,96388376.53
2019/3/11,000016.SH,20190311,2708.5982,2683.7646,2714.0892,2670.7929,2685.592,23.0062,0.8567,52014052,70198689.43
2019/3/12,000016.SH,20190312,2719.7727,2730.5292,2759.6093,2704.6928,2708.5982,11.1745,0.4126,64867544,85051842.95
2019/3/13,000016.SH,20190313,2723.9618,2731.5007,2747.9566,2699.9803,2719.7727,4.1891,0.154,54064571,74117602.73
2019/3/14,000016.SH,20190314,2729.1324,2720.1882,2752.6613,2716.2685,2723.9618,5.1706,0.1898,43471813,62567909.56
2019/3/15,000016.SH,20190315,2755.8053,2735.9993,2783.5066,2735.8626,2729.1324,26.6729,0.9773,44123096,67258458.92
2019/3/18,000016.SH,20190318,2825.1837,2763.2251,2827.2603,2749.1986,2755.8053,69.3784,2.5175,61605235,87655202.12
2019/3/19,000016.SH,20190319,2806.8964,2830.2422,2842.4453,2797.717,2825.1837,-18.2873,-0.6473,43459056,62362679.35
2019/3/20,000016.SH,20190320,2812.9179,2799.325,2831.6252,2787.2834,2806.8964,6.0215,0.2145,40322247,58429045.85
2019/3/21,000016.SH,20190321,2802.9647,2816.4519,2822.6336,2799.8337,2812.9179,-9.9532,-0.3538,43631385,63731399.24
2019/3/22,000016.SH,20190322,2795.3909,2804.7176,2813.5151,2771.9562,2802.9647,-7.5738,-0.2702,35988070,50509047.89
2019/3/25,000016.SH,20190325,2718.1807,2757.8104,2765.8419,2717.2935,2795.3909,-77.2102,-2.7621,52140915,66207961.99
2019/3/26,000016.SH,20190326,2706.1537,2737.3723,2739.2856,2693.9112,2718.1807,-12.027,-0.4425,40073955,52612740.8
2019/3/27,000016.SH,20190327,2741.5907,2721.1376,2751.7216,2714.095,2706.1537,35.437,1.3095,33542018,51900870.71
2019/3/28,000016.SH,20190328,2733.9743,2728.0449,2742.701,2709.3874,2741.5907,-7.6164,-0.2778,31840303,46631870.2
2019/3/29,000016.SH,20190329,2838.5054,2747.5418,2845.2279,2746.1134,2733.9743,104.5311,3.8234,59676669,90550418.03
2019/4/1,000016.SH,20190401,2892.619,2860.144,2906.1505,2860.144,2838.5054,54.1136,1.9064,77912146,104513800.7
2019/4/2,000016.SH,20190402,2888.5304,2900.6314,2903.8689,2878.3948,2892.619,-4.0886,-0.1413,61187461,77540948.36
2019/4/3,000016.SH,20190403,2920.0013,2869.846,2923.9217,2865.296,2888.5304,31.4709,1.0895,64723749,81562043.79
2019/4/4,000016.SH,20190404,2951.9848,2927.1005,2959.5898,2921.2037,2920.0013,31.9835,1.0953,73035716,89999489.24
2019/4/8,000016.SH,20190408,2962.2749,2978.5034,3007.8296,2938.6461,2951.9848,10.2901,0.3486,74531909,97533308.62
2019/4/9,000016.SH,20190409,2967.5136,2968.0779,2980.1228,2948.3057,2962.2749,5.2387,0.1768,50802142,72309797.81
2019/4/10,000016.SH,20190410,2979.0985,2957.2707,2996.4068,2941.3479,2967.5136,11.5849,0.3904,48692438,75072996
2019/4/11,000016.SH,20190411,2928.4268,2982.3927,3000.0952,2920.1938,2979.0985,-50.6717,-1.7009,42811144,64001721.56
2019/4/12,000016.SH,20190412,2920.5151,2920.5531,2933.4463,2903.2682,2928.4268,-7.9117,-0.2702,32521633,47318241.1
2019/4/15,000016.SH,20190415,2924.9257,2973.0222,2999.3259,2924.6018,2920.5151,4.4106,0.151,58437528,77706068.53
2019/4/16,000016.SH,20190416,3023.0253,2914.9897,3023.0253,2909.665,2924.9257,98.0996,3.3539,70764163,85299156.29
2019/4/17,000016.SH,20190417,3017.4162,3017.3947,3035.405,2996.7607,3023.0253,-5.6091,-0.1855,49960675,64317209.04
2019/4/18,000016.SH,20190418,3004.9245,3014.9149,3019.5447,2993.274,3017.4162,-12.4917,-0.414,39670684,50009082.03
2019/4/19,000016.SH,20190419,3042.4321,3013.6723,3043.9263,2989.548,3004.9245,37.5076,1.2482,39943672,56035404.84
2019/4/22,000016.SH,20190422,2970.488,3047.4255,3048.8236,2962.3585,3042.4321,-71.9441,-2.3647,56759697,74865754.21
2019/4/23,000016.SH,20190423,2978.8451,2967.9958,3007.354,2964.9784,2970.488,8.3571,0.2813,41065456,57398711.31
2019/4/24,000016.SH,20190424,2974.8473,2989.9591,3001.5342,2933.5281,2978.8451,-3.9978,-0.1342,35425729,51081275.89
2019/4/25,000016.SH,20190425,2927.995,2962.7414,2973.2227,2924.0247,2974.8473,-46.8523,-1.5749,38934483,52302557.25
2019/4/26,000016.SH,20190426,2892.8568,2913.7749,2930.2088,2892.5275,2927.995,-35.1382,-1.2001,36562197,52261886.8
2019/4/29,000016.SH,20190429,2939.405,2906.4685,2968.1622,2899.8271,2892.8568,46.5482,1.6091,39249355,60772631.95
2019/4/30,000016.SH,20190430,2945.2438,2935.2412,2955.8842,2919.4939,2939.405,5.8388,0.1986,32127983,49535144.4
2019/5/6,000016.SH,20190506,2805.0354,2853.8845,2867.5971,2768.8013,2945.2438,-140.2084,-4.7605,62436063,93816546.65
2019/5/7,000016.SH,20190507,2806.2577,2814.4689,2833.1959,2777.7344,2805.0354,1.2223,0.0436,35418177,59334292.09
2019/5/8,000016.SH,20190508,2758.2435,2753.6111,2796.466,2750.9257,2806.2577,-48.0142,-1.711,30398772,47867856.97
2019/5/9,000016.SH,20190509,2698.7804,2740.3494,2748.0071,2686.4667,2758.2435,-59.4631,-2.1558,30758681,52817873.51
2019/5/10,000016.SH,20190510,2793.7589,2731.5772,2798.874,2698.8068,2698.7804,94.9785,3.5193,39453278,64003883.2
2019/5/13,000016.SH,20190513,2741.1118,2751.7563,2767.4821,2736.8442,2793.7589,-52.6471,-1.8845,26590971,40076136.38
2019/5/14,000016.SH,20190514,2724.7337,2716.7262,2754.692,2716.7262,2741.1118,-16.3781,-0.5975,26222018,41690816.22
2019/5/15,000016.SH,20190515,2783.5439,2743.7809,2797.1531,2743.7809,2724.7337,58.8102,2.1584,30718920,47008658.1
2019/5/16,000016.SH,20190516,2791.4146,2777.8502,2793.7622,2766.1496,2783.5439,7.8707,0.2828,28946302,39573599.95
2019/5/17,000016.SH,20190517,2735.2124,2792.0771,2792.5061,2728.9346,2791.4146,-56.2022,-2.0134,30072063,42881486.56
2019/5/20,000016.SH,20190520,2715.4315,2726.0683,2746.6596,2697.6087,2735.2124,-19.7809,-0.7232,31202646,41320624.05
2019/5/21,000016.SH,20190521,2739.7852,2717.8744,2764.4834,2712.0423,2715.4315,24.3537,0.8969,26969051,38322653.83
2019/5/22,000016.SH,20190522,2725.7343,2739.1115,2745.8568,2714.6498,2739.7852,-14.0509,-0.5128,23168729,31594205.73
2019/5/23,000016.SH,20190523,2685.9336,2710.5727,2713.9433,2679.542,2725.7343,-39.8007,-1.4602,27810156,37242029.91
2019/5/24,000016.SH,20190524,2702.0252,2693.8792,2722.3359,2692.5261,2685.9336,16.0916,0.5991,21237076,29272238.81
2019/5/27,000016.SH,20190527,2722.3345,2696.2581,2731.3037,2667.377,2702.0252,20.3093,0.7516,27243848,38602910.97
2019/5/28,000016.SH,20190528,2748.7987,2719.0611,2759.7788,2716.3083,2722.3345,26.4642,0.9721,34670056,50583998.91
2019/5/29,000016.SH,20190529,2755.8081,2728.4353,2780.3073,2724.8524,2748.7987,7.0094,0.255,24940857,42312700.12
2019/5/30,000016.SH,20190530,2742.9635,2748.4289,2752.6862,2721.8807,2755.8081,-12.8446,-0.4661,24398405,33563876.79
2019/5/31,000016.SH,20190531,2728.9459,2740.3026,2762.387,2728.9459,2742.9635,-14.0176,-0.511,22188152,30748522
2019/6/3,000016.SH,20190603,2743.0644,2737.8055,2762.0755,2723.9315,2728.9459,14.1185,0.5174,27092220,36382740.31
2019/6/4,000016.SH,20190604,2721.3139,2744.6964,2746.5145,2713.8036,2743.0644,-21.7505,-0.7929,22275832,31497303.91
2019/6/5,000016.SH,20190605,2719.5949,2741.9384,2747.2335,2717.932,2721.3139,-1.719,-0.0632,25766253,35126727.11
2019/6/6,000016.SH,20190606,2706.7621,2727.697,2727.697,2701.9208,2719.5949,-12.8328,-0.4719,21390312,29226456.03
2019/6/10,000016.SH,20190610,2743.3745,2717.9139,2752.8815,2712.1587,2706.7621,36.6124,1.3526,27088081,39536245.73
2019/6/11,000016.SH,20190611,2812.8986,2750.541,2816.9916,2750.541,2743.3745,69.5241,2.5343,40850315,61099051.33
2019/6/12,000016.SH,20190612,2796.7319,2802.5273,2805.0054,2790.1834,2812.8986,-16.1667,-0.5747,26445230,36655472.04
2019/6/13,000016.SH,20190613,2794.5361,2798.0221,2804.7555,2771.857,2796.7319,-2.1958,-0.0785,23452887,32358595.7
2019/6/14,000016.SH,20190614,2785.6055,2798.396,2816.1773,2781.7234,2794.5361,-8.9306,-0.3196,26124830,35432680.8
2019/6/17,000016.SH,20190617,2793.7037,2785.4728,2813.4452,2785.4728,2785.6055,8.0982,0.2907,20477851,29172435
2019/6/18,000016.SH,20190618,2806.454,2800.8296,2809.866,2785.381,2793.7037,12.7503,0.4564,21676404,28833695.2
2019/6/19,000016.SH,20190619,2842.7358,2872.0726,2879.2346,2842.4241,2806.454,36.2818,1.2928,41160110,61700813.9
2019/6/20,000016.SH,20190620,2942.6287,2847.3173,2954.0326,2846.4352,2842.7358,99.8929,3.514,57360369,87264861.5
2019/6/21,000016.SH,20190621,2938.7729,2939.6478,2958.2273,2929.9031,2942.6287,-3.8558,-0.131,46560205,68751725.1
2019/6/24,000016.SH,20190624,2949.5176,2942.5061,2958.0238,2931.6665,2938.7729,10.7447,0.3656,29016018,48517969.6
2019/6/25,000016.SH,20190625,2910.1212,2946.0203,2946.708,2875.3678,2949.5176,-39.3964,-1.3357,38165595,64510972
2019/6/26,000016.SH,20190626,2903.4868,2896.7649,2915.2351,2891.004,2910.1212,-6.6344,-0.228,24024660,36749515.1
2019/6/27,000016.SH,20190627,2937.1283,2917.2036,2952.9076,2914.962,2903.4868,33.6415,1.1587,33472487,54015595.8
2019/6/28,000016.SH,20190628,2930.5982,2932.6932,2937.2912,2911.6659,2937.1283,-6.5301,-0.2223,23708671,37348147.1
2019/7/1,000016.SH,20190701,3002.9395,2984.649,3011.9096,2978.7515,2930.5982,72.3413,2.4685,42622714,67658868
2019/7/2,000016.SH,20190702,2999.0759,3000.7803,3003.8838,2988.4701,3002.9395,-3.8636,-0.1287,34629488,50202955.87
2019/7/3,000016.SH,20190703,2964.7309,2990.0547,2990.0547,2953.6999,2999.0759,-34.345,-1.1452,33918965,52948819.09
2019/7/4,000016.SH,20190704,2953.2719,2966.3315,2974.7974,2939.9707,2964.7309,-11.459,-0.3865,32928834,49240940.05
2019/7/5,000016.SH,20190705,2961.9222,2952.7138,2967.9828,2937.5953,2953.2719,8.6503,0.2929,23845345,37972405.68
2019/7/8,000016.SH,20190708,2897.5121,2944.973,2944.973,2877.737,2961.9222,-64.4101,-2.1746,33732588,48931992.09
2019/7/9,000016.SH,20190709,2881.5517,2894.332,2902.143,2872.0295,2897.5121,-15.9604,-0.5508,21374700,33052158.1
2019/7/10,000016.SH,20190710,2878.7812,2896.7013,2897.5754,2870.6704,2881.5517,-2.7705,-0.0961,18911521,30567386
2019/7/11,000016.SH,20190711,2887.8313,2897.4724,2918.9444,2879.6359,2878.7812,9.0501,0.3144,21157266,37057602.5
2019/7/12,000016.SH,20190712,2902.1295,2883.0876,2912.8988,2878.2019,2887.8313,14.2982,0.4951,21454210,36102862
2019/7/15,000016.SH,20190715,2902.6099,2885.9772,2920.1567,2850.098,2902.1295,0.4804,0.0166,28196106,45518424.6
2019/7/16,000016.SH,20190716,2884.561,2900.0461,2905.1108,2881.4038,2902.6099,-18.0489,-0.6218,17411517,29622629.4
2019/7/17,000016.SH,20190717,2875.0299,2877.4885,2892.3352,2866.4655,2884.561,-9.5311,-0.3304,18099830,29234605.3
2019/7/18,000016.SH,20190718,2859.1646,2869.7295,2872.2421,2859.0691,2875.0299,-15.8653,-0.5518,19542086,30766133.2
2019/7/19,000016.SH,20190719,2895.6249,2875.9644,2906.5473,2875.9013,2859.1646,36.4603,1.2752,22451089,36954836.8
2019/7/22,000016.SH,20190722,2881.9038,2897.7856,2905.3508,2872.5271,2895.6249,-13.7211,-0.4739,23603184,33459223.7
2019/7/23,000016.SH,20190723,2881.0982,2885.7013,2889.39,2871.5072,2881.9038,-0.8056,-0.028,20448748,29522996
2019/7/24,000016.SH,20190724,2906.5502,2894.9357,2923.399,2894.5946,2881.0982,25.452,0.8834,26019871,40437283.3
2019/7/25,000016.SH,20190725,2931.1758,2911.0081,2931.1758,2903.3126,2906.5502,24.6256,0.8472,22933113,34994770.1
2019/7/26,000016.SH,20190726,2939.3547,2918.1073,2943.0682,2918.0135,2931.1758,8.1789,0.279,23521864,33015285.7
2019/7/29,000016.SH,20190729,2930.4891,2936.6432,2938.7345,2922.6755,2939.3547,-8.8656,-0.3016,22372005,31238966.1
2019/7/30,000016.SH,20190730,2944.025,2939.1432,2958.2969,2938.8967,2930.4891,13.5359,0.4619,22696980,34400992.7
2019/7/31,000016.SH,20190731,2912.6612,2931.853,2932.6499,2906.7079,2944.025,-31.3638,-1.0653,23888034,36069124.7
2019/8/1,000016.SH,20190801,2887.8665,2901.1544,2909.4723,2880.3,2912.6612,-24.7947,-0.8513,24271683,34658797.6
2019/8/2,000016.SH,20190802,2843.7704,2837.3685,2852.1151,2831.6579,2887.8665,-44.0961,-1.5269,29943968,42769404.9
2019/8/5,000016.SH,20190805,2786.7196,2823.3457,2828.4806,2785.9035,2843.7704,-57.0508,-2.0062,28350976,40869467.5
2019/8/6,000016.SH,20190806,2760.6799,2736.6812,2771.7889,2718.2123,2786.7196,-26.0397,-0.9344,36941691,55246285.3
2019/8/7,000016.SH,20190807,2747.2491,2771.2382,2773.9376,2747.2491,2760.6799,-13.4308,-0.4865,24588464,35131933.9
2019/8/8,000016.SH,20190808,2786.8715,2771.4483,2790.1429,2768.7137,2747.2491,39.6224,1.4423,29406960,38752525.7
2019/8/9,000016.SH,20190809,2772.1492,2800.4373,2802.8147,2767.1403,2786.8715,-14.7223,-0.5283,25380966,34104733.9
2019/8/12,000016.SH,20190812,2824.8041,2787.4395,2825.0853,2782.7699,2772.1492,52.6549,1.8994,22136997,38630482.2
2019/8/13,000016.SH,20190813,2792.9137,2807.9587,2812.4924,2787.1229,2824.8041,-31.8904,-1.1289,21464034,31203938.4
2019/8/14,000016.SH,20190814,2804.3553,2827.038,2831.3419,2803.8644,2792.9137,11.4416,0.4097,26108221,39001289.7
2019/8/15,000016.SH,20190815,2814.3881,2758.7354,2815.1501,2756.3765,2804.3553,10.0328,0.3578,25284675,35967053.7
2019/8/16,000016.SH,20190816,2824.2258,2817.266,2846.257,2805.813,2814.3881,9.8377,0.3496,24147328,40454103.2
2019/8/19,000016.SH,20190819,2877.2312,2839.2455,2877.4701,2823.8691,2824.2258,53.0054,1.8768,41911167,60087435.5
2019/8/20,000016.SH,20190820,2875.653,2869.1589,2883.5481,2864.7091,2877.2312,-1.5782,-0.0549,29817583,41610605.9
2019/8/21,000016.SH,20190821,2869.2196,2868.6307,2875.0111,2864.8145,2875.653,-6.4334,-0.2237,21637444,31697839.3
2019/8/22,000016.SH,20190822,2878.0047,2878.7299,2881.0557,2862.4404,2869.2196,8.7851,0.3062,20493057,31209995.9
2019/8/23,000016.SH,20190823,2917.3773,2880.5722,2923.9328,2876.0218,2878.0047,39.3726,1.3681,24138057,45464082
2019/8/26,000016.SH,20190826,2863.4793,2869.462,2882.4543,2854.5085,2917.3773,-53.898,-1.8475,26436578,46412408.4
2019/8/27,000016.SH,20190827,2887.2385,2883.4157,2915.8357,2880.9962,2863.4793,23.7592,0.8297,35741368,57183305.4
2019/8/28,000016.SH,20190828,2867.0269,2883.3474,2887.8516,2860.7114,2887.2385,-20.2116,-0.7,23610765,41588186.6
2019/8/29,000016.SH,20190829,2855.4504,2867.7679,2871.6336,2843.282,2867.0269,-11.5765,-0.4038,22386670,37475570.9
2019/8/30,000016.SH,20190830,2872.401,2878.2124,2886.3472,2856.0293,2855.4504,16.9506,0.5936,25922975,43825498.6
2019/9/2,000016.SH,20190902,2894.9575,2871.2873,2902.4089,2866.7493,2872.401,22.5565,0.7853,29753214,45888749.9
2019/9/3,000016.SH,20190903,2892.1821,2897.2856,2900.7638,2878.1,2894.9575,-2.7754,-0.0959,25904982,39972053.3
2019/9/4,000016.SH,20190904,2919.6782,2888.9717,2919.6782,2887.5852,2892.1821,27.4961,0.9507,37647144,53644453.7
2019/9/5,000016.SH,20190905,2955.8399,2938.1378,2988.208,2938.1378,2919.6782,36.1617,1.2386,52852272,79279041.9
2019/9/6,000016.SH,20190906,2981.0728,2974.8017,2981.2431,2955.8164,2955.8399,25.2329,0.8537,31465367,49253544.1
2019/9/9,000016.SH,20190909,2981.5862,3004.8033,3008.6713,2974.2331,2981.0728,0.5134,0.0172,38695798,60012229.5
2019/9/10,000016.SH,20190910,2969.8048,2987.5127,2988.0565,2958.3126,2981.5862,-11.7814,-0.3951,36034678,51347965.8
2019/9/11,000016.SH,20190911,2957.1439,2978.9743,2980.6641,2946.5683,2969.8048,-12.6609,-0.4263,35199335,57420856.1
2019/9/12,000016.SH,20190912,2999.5617,2970.0115,3001.2259,2963.4513,2957.1439,42.4178,1.4344,31824410,52267977.3
2019/9/16,000016.SH,20190916,2982.4481,3003.648,3004.8778,2972.5785,2999.5617,-17.1136,-0.5705,32533939,48002497.9
2019/9/17,000016.SH,20190917,2937.0077,2974.0089,2974.0089,2929.3061,2982.4481,-45.4404,-1.5236,30722495,45651979.1
2019/9/18,000016.SH,20190918,2954.3577,2947.9715,2967.8616,2947.6767,2937.0077,17.35,0.5907,23353923,41683898.3
2019/9/19,000016.SH,20190919,2956.8294,2965.0334,2965.1098,2941.6594,2954.3577,2.4717,0.0837,20942809,34846676.7
2019/9/20,000016.SH,20190920,2963.4349,2964.916,2970.7227,2956.9157,2956.8294,6.6055,0.2234,30230028,47729266.7
2019/9/23,000016.SH,20190923,2930.9132,2955.2647,2955.2647,2916.4293,2963.4349,-32.5217,-1.0974,23782646,39232461.8
2019/9/24,000016.SH,20190924,2940.0806,2936.9522,2956.2923,2929.6015,2930.9132,9.1674,0.3128,22732296,40266780.2
2019/9/25,000016.SH,20190925,2928.8351,2930.1396,2942.0024,2923.151,2940.0806,-11.2455,-0.3825,22526512,35894449.6
2019/9/26,000016.SH,20190926,2927.8766,2939.6752,2952.8717,2926.5371,2928.8351,-0.9585,-0.0327,31466918,44815324.8
2019/9/27,000016.SH,20190927,2929.7246,2929.3167,2934.3253,2916.0681,2927.8766,1.848,0.0631,23014561,32422355.5
2019/9/30,000016.SH,20190930,2897.7027,2917.0746,2933.5109,2897.6837,2929.4659,-31.7632,-1.0843,19233021,30265813.2
2019/10/8,000016.SH,20191008,2922.348,2898.534,2938.8657,2898.534,2897.7027,24.6453,0.8505,24961388,39074499.5
2019/10/9,000016.SH,20191009,2922.9797,2908.1734,2931.6396,2896.2642,2922.348,0.6317,0.0216,26136018,40412670.6
2019/10/10,000016.SH,20191010,2940.8002,2917.8212,2944.0238,2910.3467,2922.9797,17.8205,0.6097,21996133,35842652.3
2019/10/11,000016.SH,20191011,2983.1198,2952.4722,2989.7538,2945.0076,2940.8002,42.3196,1.4391,31177123,48168621.4
2019/10/14,000016.SH,20191014,3013.5334,3007.3617,3040.503,2997.6629,2983.1198,30.4136,1.0195,42543315,56735172
2019/10/15,000016.SH,20191015,3015.4202,3018.8599,3019.2939,3005.8718,3013.5334,1.8868,0.0626,25446083,37222300.8
2019/10/16,000016.SH,20191016,3004.7233,3015.1656,3043.446,2999.379,3015.4202,-10.6969,-0.3547,26256367,42282388.1
2019/10/17,000016.SH,20191017,3011.7535,3009.6859,3018.6456,2997.8426,3004.7233,7.0302,0.234,18936107,31585237.3
2019/10/18,000016.SH,20191018,2963.1753,3020.0093,3027.6051,2961.1326,3011.7535,-48.5782,-1.613,24631271,37356080.2
2019/10/21,000016.SH,20191021,2968.9051,2957.9695,2973.7936,2950.3037,2963.1753,5.7298,0.1934,24223543,36733975.3
2019/10/22,000016.SH,20191022,2973.2173,2983.8371,2983.8371,2956.904,2968.9051,4.3122,0.1452,21001262,29912296.6
2019/10/23,000016.SH,20191023,2954.3052,2969.9848,2977.6799,2945.839,2973.2173,-18.9121,-0.6361,22633012,30608315
2019/10/24,000016.SH,20191024,2959.0317,2963.3389,2976.3656,2945.6802,2954.3052,4.7265,0.16,24482739,34206450.6
2019/10/25,000016.SH,20191025,2967.0517,2955.5103,2970.5422,2935.0573,2959.0317,8.02,0.271,24522583,43830273.3
2019/10/28,000016.SH,20191028,2981.3615,2967.6278,2984.9436,2962.3971,2967.0517,14.3098,0.4823,28490213,42480534.1
2019/10/29,000016.SH,20191029,2968.2831,2982.4523,2984.353,2968.2099,2981.3615,-13.0784,-0.4387,21802993,34000117.7
2019/10/30,000016.SH,20191030,2952.1181,2966.7579,2971.8979,2946.9687,2968.2831,-16.165,-0.5446,21820115,33653353.6
2019/10/31,000016.SH,20191031,2954.734,2964.905,2966.5924,2948.327,2952.1181,2.6159,0.0886,26277647,42158765.6
2019/11/1,000016.SH,20191101,3002.6488,2953.736,3005.1768,2947.6039,2954.734,47.9148,1.6216,28879939,46727802.4
2019/11/4,000016.SH,20191104,3022.2749,3012.938,3025.6393,3011.2029,3002.6488,19.6261,0.6536,30906972,47783955.2
2019/11/5,000016.SH,20191105,3039.9772,3024.8697,3065.9329,3015.7965,3022.2749,17.7023,0.5857,38359862,55760630.5
2019/11/6,000016.SH,20191106,3032.7916,3041.42,3045.4578,3024.75,3039.9772,-7.1856,-0.2364,29174816,40808898.1
2019/11/7,000016.SH,20191107,3033.2991,3034.1557,3044.724,3021.689,3032.7916,0.5075,0.0167,23317946,34760202.8
2019/11/8,000016.SH,20191108,3012.4594,3052.6911,3055.6015,3011.3658,3033.2991,-20.8397,-0.687,28297012,41316357.6
2019/11/11,000016.SH,20191111,2965.7075,2995.1423,2995.1423,2962.6837,3012.4594,-46.7519,-1.552,28511827,40134019.8
2019/11/12,000016.SH,20191112,2971.3606,2972.9982,2978.1733,2954.7765,2965.7075,5.6531,0.1906,20527695,31297828.3
2019/11/13,000016.SH,20191113,2967.6702,2967.6216,2976.2637,2955.0982,2971.3606,-3.6904,-0.1242,22621812,37211949
2019/11/14,000016.SH,20191114,2968.5686,2975.4785,2980.6978,2964.9167,2967.6702,0.8984,0.0303,22123548,35768606.3
2019/11/15,000016.SH,20191115,2954.7013,2972.4816,2976.3702,2953.756,2968.5686,-13.8673,-0.4671,22029561,32519691
2019/11/18,000016.SH,20191118,2980.9457,2954.7759,2985.9703,2949.4736,2954.7013,26.2444,0.8882,23876300,34685922
2019/11/19,000016.SH,20191119,3000.7451,2973.5742,3000.7451,2973.5742,2980.9457,19.7994,0.6642,24265871,36274061.8
2019/11/20,000016.SH,20191120,2968.1238,2991.4207,2996.5056,2962.7139,3000.7451,-32.6213,-1.0871,22511696,33591330.1
2019/11/21,000016.SH,20191121,2949.3369,2957.0698,2957.3455,2940.1536,2968.1238,-18.7869,-0.633,21914452,35263796.9
2019/11/22,000016.SH,20191122,2922.2669,2952.7739,2967.7766,2913.1797,2949.3369,-27.07,-0.9178,26802021,46004984
2019/11/25,000016.SH,20191125,2951.2474,2926.15,2951.7902,2925.4039,2922.2669,28.9805,0.9917,33302211,47559848.6
2019/11/26,000016.SH,20191126,2946.5669,2962.3686,2965.3939,2943.5496,2951.2474,-4.6805,-0.1586,30225430,43776028
2019/11/27,000016.SH,20191127,2944.3218,2948.3424,2953.3941,2933.279,2946.5669,-2.2451,-0.0762,20359377,30182554.5
2019/11/28,000016.SH,20191128,2930.4816,2945.3402,2952.2563,2922.5536,2944.3218,-13.8402,-0.4701,17773346,26320955.9
2019/11/29,000016.SH,20191129,2894.7154,2923.4516,2927.2507,2879.933,2930.4816,-35.7662,-1.2205,20790150,41700315.7
2019/12/2,000016.SH,20191202,2899.439,2896.5099,2913.7354,2893.4178,2894.7154,4.7236,0.1632,21334638,34920130.4
2019/12/3,000016.SH,20191203,2909.6232,2892.4185,2909.9524,2876.5169,2899.439,10.1842,0.3512,19088333,32162499.2
2019/12/4,000016.SH,20191204,2901.0663,2902.1339,2903.9443,2887.8402,2909.6232,-8.5569,-0.2941,19438168,29114650.4
2019/12/5,000016.SH,20191205,2921.9474,2912.9421,2927.343,2907.7664,2901.0663,20.8811,0.7198,22464511,35722565.1
2019/12/6,000016.SH,20191206,2939.8184,2928.3611,2939.8184,2922.4325,2921.9474,17.871,0.6116,21383576,33592908.7
2019/12/9,000016.SH,20191209,2933.0421,2944.163,2945.2674,2923.79,2939.8184,-6.7763,-0.2305,25034095,38061107.7
2019/12/10,000016.SH,20191210,2936.9931,2925.9476,2937.7847,2923.7531,2933.0421,3.951,0.1347,20246093,31073840.6
2019/12/11,000016.SH,20191211,2949.6467,2947.5448,2953.9408,2934.0424,2936.9931,12.6536,0.4308,23592999,33641813.4
2019/12/12,000016.SH,20191212,2938.0356,2954.4045,2954.4045,2933.9971,2949.6467,-11.6111,-0.3936,20665218,32934874
2019/12/13,000016.SH,20191213,3006.3127,2968.8629,3006.3127,2967.8521,2938.0443,68.2684,2.3236,41894582,66647265.3
2019/12/16,000016.SH,20191216,2999.2015,2999.5,2999.5334,2983.1944,3006.3127,-7.1112,-0.2365,33429792,61966979.3
2019/12/17,000016.SH,20191217,3033.1423,3000.7842,3053.8259,2991.0763,2999.2015,33.9408,1.1317,47347335,76916508.5
2019/12/18,000016.SH,20191218,3025.7847,3031.8873,3041.8336,3020.9464,3033.1423,-7.3576,-0.2426,32492619,53907140.3
2019/12/19,000016.SH,20191219,3017.7128,3027.6745,3029.7019,3009.8707,3025.7847,-8.0719,-0.2668,26929092,42049274
2019/12/20,000016.SH,20191220,3012.6257,3022.1196,3033.5621,3009.3843,3017.7128,-5.0871,-0.1686,25092228,42559312.7
2019/12/23,000016.SH,20191223,2984.2426,3015.294,3028.5599,2982.0214,3012.6257,-28.3831,-0.9421,27450023,46144913.6
2019/12/24,000016.SH,20191224,2996.765,2985.616,2999.0779,2982.4184,2984.2426,12.5224,0.4196,22275453,33020813.1
2019/12/25,000016.SH,20191225,2986.0036,2993.364,2993.5575,2976.905,2996.765,-10.7614,-0.3591,21384876,35451595.7
2019/12/26,000016.SH,20191226,3011.6361,2986.3067,3011.6361,2985.5298,2986.0036,25.6325,0.8584,23055824,38127469.6
2019/12/27,000016.SH,20191227,3017.7787,3012.0346,3047.6061,3012.0346,3011.6361,6.1426,0.204,34420274,57220452.7
2019/12/30,000016.SH,20191230,3062.75,3016.1974,3065.254,3007.9557,3017.7787,44.9713,1.4902,43666647,76973532
2019/12/31,000016.SH,20191231,3063.219,3057.2985,3065.3834,3043.9256,3062.75,0.469,0.0153,31074043,53266973.8
2020/1/2,000016.SH,20200102,3090.8331,3073.9313,3107.5172,3073.9313,3063.219,27.6141,0.9015,50036392,94773729.2
2020/1/3,000016.SH,20200103,3078.2793,3097.2518,3097.4088,3072.1137,3090.8331,-12.5538,-0.4062,37185493,72346789.2
2020/1/6,000016.SH,20200106,3056.8359,3062.2801,3090.8402,3040.1945,3078.2793,-21.4434,-0.6966,47707827,77770388.11
2020/1/7,000016.SH,20200107,3074.0152,3063.7464,3080.2714,3061.5608,3056.8359,17.1793,0.562,34371788,56886579.55
2020/1/8,000016.SH,20200108,3037.8525,3058.3585,3058.6969,3030.1048,3074.0152,-36.1627,-1.1764,37653773,59854842.16
2020/1/9,000016.SH,20200109,3067.5456,3060.7743,3071.5392,3055.9906,3037.8525,29.6931,0.9774,33150515,57676819.31
2020/1/10,000016.SH,20200110,3067.881,3079.0765,3081.9568,3058.1642,3067.5456,0.3354,0.0109,28542389,51634929.52
2020/1/13,000016.SH,20200113,3090.1284,3069.6784,3090.131,3054.8783,3067.881,22.2474,0.7252,29330835,57052247.48
2020/1/14,000016.SH,20200114,3080.6016,3097.7248,3108.177,3078.4579,3090.1284,-9.5268,-0.3083,35129017,56961447.5
2020/1/15,000016.SH,20200115,3058.0078,3078.2528,3086.9662,3052.7047,3080.6016,-22.5938,-0.7334,28116086,46971571.73
2020/1/16,000016.SH,20200116,3043.0931,3067.95,3068.1971,3039.0726,3058.0078,-14.9147,-0.4877,28312318,45497746.84
2020/1/17,000016.SH,20200117,3053.1729,3054.0361,3067.5589,3042.5897,3043.0931,10.0798,0.3312,23304514,46224605.67
2020/1/20,000016.SH,20200120,3065.9906,3070.6701,3072.2888,3054.4484,3053.1729,12.8177,0.4198,27274849,55623208.19
2020/1/21,000016.SH,20200121,3012.1123,3048.9459,3050.8233,3011.1846,3065.9906,-53.8783,-1.7573,32801291,59740274.2
2020/1/22,000016.SH,20200122,3017.8785,2996.8099,3023.9019,2965.6635,3012.1123,5.7662,0.1914,33159760,60509150.07
2020/1/23,000016.SH,20200123,2932.4932,2993.7726,2993.7726,2910.3942,3017.8785,-85.3853,-2.8293,42839352,75506612.22
2020/2/3,000016.SH,20200203,2727.0931,2676.0073,2755.8448,2676.0073,2932.4932,-205.4001,-7.0043,58609184,96131246.47
2020/2/4,000016.SH,20200204,2794.6606,2724.1314,2796.7145,2724.1314,2727.0931,67.5675,2.4776,57016369,91856016.29
2020/2/5,000016.SH,20200205,2812.8993,2803.7374,2833.2097,2782.4231,2794.6606,18.2387,0.6526,44182070,73422004.37
2020/2/6,000016.SH,20200206,2854.8878,2829.5111,2866.3906,2809.3661,2812.8993,41.9885,1.4927,42134251,70417283.28
2020/2/7,000016.SH,20200207,2851.7105,2836.7992,2851.8244,2819.6678,2854.8878,-3.1773,-0.1113,34443628,59065093.71
2020/2/10,000016.SH,20200210,2850.0642,2826.797,2854.8289,2817.7707,2851.7105,-1.6463,-0.0577,33654934,56648242.8
2020/2/11,000016.SH,20200211,2879.8575,2858.9245,2893.0673,2854.0722,2850.0642,29.7933,1.0454,36028244,58519424.65
2020/2/12,000016.SH,20200212,2895.5859,2876.6708,2895.9268,2870.768,2879.8575,15.7284,0.5462,31230750,52126941.02
2020/2/13,000016.SH,20200213,2875.4794,2898.3985,2906.7218,2871.2649,2895.5859,-20.1065,-0.6944,37434764,57844935.04
2020/2/14,000016.SH,20200214,2895.0644,2870.7125,2900.2032,2870.6285,2875.4794,19.585,0.6811,35125996,53270508.17
2020/2/17,000016.SH,20200217,2950.0699,2901.686,2950.2826,2898.5925,2895.0644,55.0055,1.9,45296532,72567316.62
2020/2/18,000016.SH,20200218,2924.3981,2940.646,2944.4334,2914.9641,2950.0699,-25.6718,-0.8702,38098991,60875096.3
2020/2/19,000016.SH,20200219,2923.7633,2917.1249,2942.3469,2914.5929,2924.3981,-0.6348,-0.0217,40270252,62808193.99
2020/2/20,000016.SH,20200220,2978.1829,2931.3718,2981.2656,2920.7976,2923.7633,54.4196,1.8613,50229847,84693541.39
2020/2/21,000016.SH,20200221,2968.1381,2965.6019,2991.0599,2959.5133,2978.1829,-10.0448,-0.3373,46920152,83241627.53
2020/2/24,000016.SH,20200224,2930.0332,2949.978,2953.2947,2922.1628,2968.1381,-38.1049,-1.2838,48637573,84187873.41
2020/2/25,000016.SH,20200225,2909.324,2891.9788,2912.1596,2869.6431,2930.0332,-20.7092,-0.7068,53157948,88652948.31
2020/2/26,000016.SH,20200226,2901.6734,2877.4634,2930.0198,2872.8293,2909.324,-7.6506,-0.263,62965029,93491144.92
2020/2/27,000016.SH,20200227,2912.0364,2904.8654,2927.1985,2903.7471,2901.6734,10.363,0.3571,42152250,70016400.8
2020/2/28,000016.SH,20200228,2821.0419,2860.2818,2880.7949,2818.4296,2912.0364,-90.9945,-3.1248,58479965,90536233.07
2020/3/2,000016.SH,20200302,2907.8863,2837.7737,2922.9511,2837.7737,2821.0419,86.8444,3.0785,54884776,85151778.05
2020/3/3,000016.SH,20200303,2921.4435,2941.6796,2948.551,2910.7565,2907.8863,13.5572,0.4662,53161398,84017213.96
2020/3/4,000016.SH,20200304,2947.5666,2921.0678,2949.5714,2919.3652,2921.4435,26.1231,0.8942,42569549,75555571.9
2020/3/5,000016.SH,20200305,3018.0701,2966.6862,3023.1232,2956.6513,2947.5666,70.5035,2.3919,60497966,105885810.8
2020/3/6,000016.SH,20200306,2964.8348,2989.7649,2999.4851,2962.4034,3018.0701,-53.2353,-1.7639,41855288,69696068.36
2020/3/9,000016.SH,20200309,2868.8297,2908.6266,2908.6266,2864.4901,2964.8348,-96.0051,-3.2381,58864747,89883304.69
2020/3/10,000016.SH,20200310,2924.2165,2859.8694,2935.0871,2852.9348,2868.8297,55.3868,1.9306,48050530,76922299.78
2020/3/11,000016.SH,20200311,2888.3612,2927.8282,2927.8282,2888.3612,2924.2165,-35.8553,-1.2262,36442062,58821559.04
2020/3/12,000016.SH,20200312,2841.9824,2858.511,2866.1354,2828.2901,2888.3612,-46.3788,-1.6057,37023632,60744920.24
2020/3/13,000016.SH,20200313,2798.7695,2720.6127,2826.7235,2715.1375,2841.9824,-43.2129,-1.5205,49061355,82814500.31
2020/3/16,000016.SH,20200316,2694.0229,2799.9951,2800.1779,2689.8974,2798.7695,-104.7466,-3.7426,46971206,76460307
2020/3/17,000016.SH,20200317,2685.5907,2696.6972,2734.7985,2629.1822,2694.0229,-8.4322,-0.313,41532694,70083880.49
2020/3/18,000016.SH,20200318,2625.747,2695.4241,2724.3019,2625.6003,2685.5907,-59.8437,-2.2283,37681392,66187348.82
2020/3/19,000016.SH,20200319,2569.7891,2611.7496,2630.0517,2517.3038,2625.747,-55.9579,-2.1311,49523528,83641800.96
2020/3/20,000016.SH,20200320,2628.4161,2597.9793,2636.1406,2580.3573,2569.7891,58.627,2.2814,37231436,61882459.79
2020/3/23,000016.SH,20200323,2559.6192,2548.8455,2586.1059,2548.0038,2628.4161,-68.7969,-2.6174,32549721,56761578.58
2020/3/24,000016.SH,20200324,2639.3834,2608.2448,2641.8733,2592.605,2559.6192,79.7642,3.1163,36868414,62053255.97
2020/3/25,000016.SH,20200325,2700.1865,2700.0961,2711.1171,2681.0877,2639.3834,60.8031,2.3037,38491194,66439253.95
2020/3/26,000016.SH,20200326,2689.2803,2676.6159,2716.3354,2673.4409,2700.1865,-10.9062,-0.4039,28226021,47526067.8
2020/3/27,000016.SH,20200327,2701.4447,2722.4681,2733.5206,2701.4447,2689.2803,12.1644,0.4523,35386945,56316143.42
2020/3/30,000016.SH,20200330,2690.042,2667.1202,2696.3305,2664.7175,2701.4447,-11.4027,-0.4221,34049707,52410857.49
2020/3/31,000016.SH,20200331,2689.379,2713.4987,2716.021,2684.2066,2690.042,-0.663,-0.0246,30299038,46061513.61
2020/4/1,000016.SH,20200401,2682.0795,2684.5001,2722.3249,2680.0773,2689.379,-7.2995,-0.2714,27519373,44240194.62
2020/4/2,000016.SH,20200402,2719.8864,2667.9405,2719.8864,2665.8054,2682.0795,37.8069,1.4096,28730893,43855142.49
2020/4/3,000016.SH,20200403,2708.8246,2707.8191,2720.8444,2697.8315,2719.8864,-11.0618,-0.4067,24444559,39428104.57
2020/4/7,000016.SH,20200407,2757.4064,2756.2704,2762.3061,2743.1591,2708.8246,48.5818,1.7935,35954651,59656453.01
2020/4/8,000016.SH,20200408,2743.8865,2742.357,2753.493,2736.0926,2757.4064,-13.5199,-0.4903,25401676,38559903.64
2020/4/9,000016.SH,20200409,2752.588,2754.7165,2760.586,2749.4162,2743.8865,8.7015,0.3171,23820497,38382876.85
2020/4/10,000016.SH,20200410,2749.8466,2755.1967,2787.2835,2742.5231,2752.588,-2.7414,-0.0996,25444794,43526674.66
2020/4/13,000016.SH,20200413,2739.1666,2740.0926,2749.4787,2731.0289,2749.8466,-10.68,-0.3884,19187662,30636073.11
2020/4/14,000016.SH,20200414,2785.72,2756.4996,2785.8013,2745.9902,2739.1666,46.5534,1.6995,26722995,48384370.75
2020/4/15,000016.SH,20200415,2764.4883,2783.276,2788.0859,2761.4351,2785.72,-21.2317,-0.7622,23051495,42309461.74
2020/4/16,000016.SH,20200416,2768.2616,2751.6937,2771.4343,2750.2919,2764.4883,3.7733,0.1365,23016379,41776714.41
2020/4/17,000016.SH,20200417,2809.0757,2790.8348,2825.9585,2782.7127,2768.2616,40.8141,1.4744,34869719,62422703.25
2020/4/20,000016.SH,20200420,2819.7938,2812.8012,2821.0063,2799.9158,2809.0757,10.7181,0.3816,27627564,48186424.31
2020/4/21,000016.SH,20200421,2784.5328,2808.913,2808.913,2767.2738,2819.7938,-35.261,-1.2505,24943676,42654500.06
2020/4/22,000016.SH,20200422,2804.2373,2774.4393,2804.2373,2768.3954,2784.5328,19.7045,0.7076,20694563,37039162.44
2020/4/23,000016.SH,20200423,2797.6612,2813.7322,2820.2414,2794.4639,2804.2373,-6.5761,-0.2345,24529563,40003338.63
2020/4/24,000016.SH,20200424,2776.0245,2789.0511,2789.0511,2770.3365,2797.6612,-21.6367,-0.7734,19914774,35854089.01
2020/4/27,000016.SH,20200427,2805.2202,2786.467,2818.5384,2783.1736,2776.0245,29.1957,1.0517,23147140,40090088.31
2020/4/28,000016.SH,20200428,2825.1393,2814.2298,2832.0618,2781.1486,2805.2202,19.9191,0.7101,27084228,47828238.91
2020/4/29,000016.SH,20200429,2844.8143,2814.5955,2852.1036,2814.0689,2825.1393,19.675,0.6964,25430134,45196775.96
2020/4/30,000016.SH,20200430,2861.9077,2851.1447,2882.6952,2851.1447,2844.8143,17.0934,0.6009,30389053,52437640.61
2020/5/6,000016.SH,20200506,2863.8452,2823.2918,2865.1127,2823.2724,2861.9077,1.9375,0.0677,35459781,59544694.25
2020/5/7,000016.SH,20200507,2854.423,2860.9591,2863.16,2845.6608,2863.8452,-9.4222,-0.329,23902000,41458943.62
2020/5/8,000016.SH,20200508,2873.0125,2864.8561,2883.6911,2858.1084,2854.423,18.5895,0.6513,27037179,48756760.66
2020/5/11,000016.SH,20200511,2871.8476,2876.772,2897.9895,2864.9633,2873.0125,-1.1649,-0.0405,25308998,46507596.88
2020/5/12,000016.SH,20200512,2869.5973,2871.3136,2880.5029,2855.0217,2871.8476,-2.2503,-0.0784,21330150,39257275.18
2020/5/13,000016.SH,20200513,2867.7123,2860.8202,2869.702,2845.3371,2869.5973,-1.885,-0.0657,18325651,33483747.42
2020/5/14,000016.SH,20200514,2834.5328,2854.7781,2854.7781,2833.947,2867.7123,-33.1795,-1.157,19818343,36947675.25
2020/5/15,000016.SH,20200515,2819.6911,2845.9099,2849.1746,2818.3671,2834.5328,-14.8417,-0.5236,19470580,38909794.05
2020/5/18,000016.SH,20200518,2837.1721,2821.7258,2849.8499,2813.2571,2819.6911,17.481,0.62,22626866,43886596.3
2020/5/19,000016.SH,20200519,2860.6682,2869.2324,2872.6969,2854.8855,2837.1721,23.4961,0.8282,22705516,42580939.71
2020/5/20,000016.SH,20200520,2856.1398,2861.5929,2864.6689,2847.2553,2860.6682,-4.5284,-0.1583,19949229,37561348.5
2020/5/21,000016.SH,20200521,2846.8239,2866.7448,2867.9145,2844.1437,2856.1398,-9.3159,-0.3262,19071145,36357586.64
2020/5/22,000016.SH,20200522,2775.8096,2840.8794,2841.1054,2775.3088,2846.8239,-71.0143,-2.4945,25971302,46841991.57
2020/5/25,000016.SH,20200525,2789.7095,2784.4347,2789.8153,2762.2983,2775.8096,13.8999,0.5008,18674923,33629752.37
2020/5/26,000016.SH,20200526,2808.8419,2806.248,2811.8253,2796.8463,2789.7095,19.1324,0.6858,18110409,32226210.13
2020/5/27,000016.SH,20200527,2795.4807,2810.4749,2814.559,2790.8433,2808.8419,-13.3612,-0.4757,19759953,33762192.93
2020/5/28,000016.SH,20200528,2809.6648,2797.3679,2830.4628,2785.3207,2795.4807,14.1841,0.5074,22943372,38842766.21
2020/5/29,000016.SH,20200529,2806.6643,2791.6226,2813.8249,2788.867,2809.6648,-3.0005,-0.1068,21471026,36267708.57
2020/6/1,000016.SH,20200601,2870.3558,2832.2174,2873.0538,2832.2174,2806.6643,63.6915,2.2693,28433443,52739288.75
2020/6/2,000016.SH,20200602,2885.9208,2864.5289,2890.8071,2862.6765,2870.3558,15.565,0.5423,26703943,48136501.77
2020/6/3,000016.SH,20200603,2889.1086,2900.8702,2922.783,2889.0841,2885.9208,3.1878,0.1105,27840975,51525906
2020/6/4,000016.SH,20200604,2883.3633,2900.9644,2902.8993,2876.4419,2889.1086,-5.7453,-0.1989,21894729,36051895.06
2020/6/5,000016.SH,20200605,2896.3495,2886.2329,2896.3495,2871.8707,2883.3633,12.9862,0.4504,21269701,38224565.11
2020/6/8,000016.SH,20200608,2909.5867,2907.675,2925.1994,2904.0349,2896.3495,13.2372,0.457,29300629,53846965.57
2020/6/9,000016.SH,20200609,2928.3043,2911.9481,2931.5394,2905.8432,2909.5867,18.7176,0.6433,24400880,44447001.97
2020/6/10,000016.SH,20200610,2908.4753,2925.1657,2925.1657,2905.2106,2928.3043,-19.829,-0.6771,22717666,41298669.21
2020/6/11,000016.SH,20200611,2876.513,2899.4865,2907.6568,2867.1966,2908.4753,-31.9623,-1.0989,28998543,50569232.35
2020/6/12,000016.SH,20200612,2884.1157,2840.8021,2884.9905,2837.5506,2876.513,7.6027,0.2643,34095944,51141596.56
2020/6/15,000016.SH,20200615,2838.6074,2862.4896,2875.0268,2838.6074,2884.1157,-45.5083,-1.5779,29310497,55344281.14
2020/6/16,000016.SH,20200616,2878.9924,2867.7129,2879.5252,2861.0109,2838.6074,40.385,1.4227,24218333,43386145.21
2020/6/17,000016.SH,20200617,2881.1321,2879.8483,2882.1032,2864.1553,2878.9924,2.1397,0.0743,22244613,42134102.73
2020/6/18,000016.SH,20200618,2888.9575,2872.1682,2892.1185,2860.4956,2881.1321,7.8254,0.2716,27634304,47707495.42
2020/6/19,000016.SH,20200619,2925.9356,2891.3093,2933.9025,2888.9222,2888.9575,36.9781,1.28,37137361,74110248.09
2020/6/22,000016.SH,20200622,2921.8915,2921.297,2947.6121,2912.4938,2925.9356,-4.0441,-0.1382,37262985,72454864.32
2020/6/23,000016.SH,20200623,2925.416,2913.0108,2929.7971,2902.1223,2921.8915,3.5245,0.1206,27540128,59578426.68
2020/6/24,000016.SH,20200624,2943.4733,2928.5224,2947.1908,2926.8445,2925.416,18.0573,0.6173,30179573,61408737.4
2020/6/29,000016.SH,20200629,2925.4834,2935.5423,2942.492,2909.4509,2943.4733,-17.9899,-0.6112,32483377,64157816.35
2020/6/30,000016.SH,20200630,2942.0741,2933.9281,2951.1227,2928.6832,2925.4834,16.5907,0.5671,27015598,56079512.95
2020/7/1,000016.SH,20200701,3009.8611,2950.4921,3010.3624,2941.3802,2942.0741,67.787,2.3041,42668069,83084456.01
2020/7/2,000016.SH,20200702,3084.2381,3005.357,3088.9603,3003.7779,3009.8611,74.377,2.4711,67223806,118751704.7
2020/7/3,000016.SH,20200703,3159.1583,3101.3858,3159.1688,3101.2607,3084.2381,74.9202,2.4291,78209416,137578589.8
2020/7/6,000016.SH,20200706,3374.1362,3198.7384,3384.8672,3198.7384,3159.1583,214.9779,6.8049,122167869,202917638.6
2020/7/7,000016.SH,20200707,3381.7608,3438.8558,3465.4678,3381.7608,3374.1362,7.6246,0.226,108624139,199150089.2
2020/7/8,000016.SH,20200708,3429.9449,3378.1092,3466.6299,3371.5924,3381.7608,48.1841,1.4248,91457213,167555891.1
2020/7/9,000016.SH,20200709,3442.0205,3426.5963,3451.925,3403.7253,3429.9449,12.0756,0.3521,84934440,153534471.8
2020/7/10,000016.SH,20200710,3351.78,3403.9961,3411.0942,3338.5929,3442.0205,-90.2405,-2.6217,79046518,139047237
2020/7/13,000016.SH,20200713,3390.115,3338.7076,3421.9397,3327.6965,3351.78,38.335,1.1437,80024186,144465870.7
2020/7/14,000016.SH,20200714,3348.0312,3374.07,3391.9033,3310.8892,3390.115,-42.0838,-1.2414,76786395,129973787.4
2020/7/15,000016.SH,20200715,3313.7646,3363.9243,3374.2882,3303.1506,3348.0312,-34.2666,-1.0235,70412031,133624136.7
2020/7/16,000016.SH,20200716,3162.0251,3313.5618,3326.6941,3162.0251,3313.7646,-151.7395,-4.5791,74683068,151041927.3
2020/7/17,000016.SH,20200717,3185.8909,3181.698,3223.5413,3151.2178,3162.0251,23.8658,0.7548,49449099,104284759.4
2020/7/20,000016.SH,20200720,3287.915,3219.9177,3293.6253,3189.467,3185.8909,102.0241,3.2024,63047536,124831909.5
2020/7/21,000016.SH,20200721,3286.8146,3302.7223,3305.1976,3272.4732,3287.915,-1.1004,-0.0335,44511981,98108441.25
2020/7/22,000016.SH,20200722,3291.3605,3278.7375,3354.7152,3273.8075,3286.8146,4.5459,0.1383,54403751,109522096.6
2020/7/23,000016.SH,20200723,3284.1103,3263.074,3303.4266,3224.5078,3291.3605,-7.2502,-0.2203,55665583,106252944.3
2020/7/24,000016.SH,20200724,3158.2854,3265.519,3270.5582,3136.6446,3284.1103,-125.8249,-3.8313,60638136,127518161.7
2020/7/27,000016.SH,20200727,3163.2306,3178.0469,3194.1399,3136.0325,3158.2854,4.9452,0.1566,37627456,78769806.51
2020/7/28,000016.SH,20200728,3185.8904,3188.9568,3205.5658,3168.8967,3163.2306,22.6598,0.7163,35710451,81039521.93
2020/7/29,000016.SH,20200729,3243.3849,3184.7168,3245.702,3171.0441,3185.8904,57.4945,1.8047,43648691,97413664.84
2020/7/30,000016.SH,20200730,3231.5193,3252.2041,3263.1868,3231.356,3243.3849,-11.8656,-0.3658,36108945,90507937.67
2020/7/31,000016.SH,20200731,3249.3375,3226.4225,3284.3785,3199.9053,3231.5193,17.8182,0.5514,42897905,97122120.54
2020/8/3,000016.SH,20200803,3281.1012,3271.1771,3284.7925,3251.8182,3249.3375,31.7637,0.9775,48299026,104838181.2
2020/8/4,000016.SH,20200804,3312.1336,3293.9177,3329.5592,3279.1429,3281.1012,31.0324,0.9458,62540477,123874292.9
2020/8/5,000016.SH,20200805,3292.3094,3298.1382,3300.8964,3257.2884,3312.1336,-19.8242,-0.5985,45579284,95922266.58
2020/8/6,000016.SH,20200806,3292.2003,3295.4327,3311.3637,3243.6494,3292.3094,-0.1091,-0.0033,48945753,109937579.4
2020/8/7,000016.SH,20200807,3263.7455,3277.4438,3288.7871,3219.423,3292.2003,-28.4548,-0.8643,48981049,110237424.7
2020/8/10,000016.SH,20200810,3285.7602,3250.5443,3309.9836,3232.0936,3263.7455,22.0147,0.6745,53271403,112583130.1
2020/8/11,000016.SH,20200811,3262.8244,3291.3399,3333.7504,3257.3673,3285.7602,-22.9358,-0.698,53822802,107967759.6
2020/8/12,000016.SH,20200812,3249.7381,3255.5383,3266.5825,3199.5458,3262.8244,-13.0863,-0.4011,51024947,100012349.1
2020/8/13,000016.SH,20200813,3241.8446,3261.1279,3265.5084,3230.1661,3249.7381,-7.8935,-0.2429,37092071,73178181.89
2020/8/14,000016.SH,20200814,3288.5141,3236.948,3292.0308,3230.2145,3241.8446,46.6695,1.4396,36747477,75029765.27
2020/8/17,000016.SH,20200817,3368.8488,3300.9029,3397.4999,3299.2108,3288.5141,80.3347,2.4429,75899031,136889430.1
2020/8/18,000016.SH,20200818,3367.3313,3369.8674,3377.5209,3350.7781,3368.8488,-1.5175,-0.045,47444157,93429432.54
2020/8/19,000016.SH,20200819,3307.6593,3361.7188,3366.6818,3306.3335,3367.3313,-59.672,-1.7721,44419447,86276934.99
2020/8/20,000016.SH,20200820,3264.5329,3285.2015,3288.2062,3252.179,3307.6593,-43.1264,-1.3038,37052900,72986141.48
2020/8/21,000016.SH,20200821,3284.7267,3287.4335,3299.9392,3261.5468,3264.5329,20.1938,0.6186,28050142,60638595.05
2020/8/24,000016.SH,20200824,3298.7205,3306.5613,3320.9715,3291.6571,3284.7267,13.9938,0.426,29666151,64956899.88
2020/8/25,000016.SH,20200825,3310.8389,3312.0329,3335.0343,3300.1984,3298.7205,12.1184,0.3674,28449955,63927912.26
2020/8/26,000016.SH,20200826,3277.8901,3308.9304,3327.817,3269.0876,3310.8389,-32.9488,-0.9952,32922437,70222264.27
2020/8/27,000016.SH,20200827,3290.7855,3286.7843,3291.6814,3257.5652,3277.8901,12.8954,0.3934,28135800,59919453.18
2020/8/28,000016.SH,20200828,3368.4384,3296.5238,3372.7441,3286.1442,3290.7855,77.6529,2.3597,39008700,92268754.64
2020/8/31,000016.SH,20200831,3343.8881,3386.6204,3408.5812,3343.2144,3368.4384,-24.5503,-0.7288,47905156,103041216.8
2020/9/1,000016.SH,20200901,3355.096,3333.2071,3355.096,3328.1244,3343.8881,11.2079,0.3352,30466450,64387470.08
2020/9/2,000016.SH,20200902,3347.3042,3371.5729,3373.3499,3316.5014,3355.096,-7.7918,-0.2322,35512308,69444792.58
2020/9/3,000016.SH,20200903,3334.4119,3349.262,3374.0142,3322.9009,3347.3042,-12.8923,-0.3852,31252364,67541305.03
2020/9/4,000016.SH,20200904,3309.2096,3293.4924,3314.5469,3283.3118,3334.4119,-25.2023,-0.7558,28637547,62265879.32
2020/9/7,000016.SH,20200907,3253.4259,3303.6417,3328.7237,3243.4279,3309.2096,-55.7837,-1.6857,32580054,73055102.74
2020/9/8,000016.SH,20200908,3289.9142,3267.3119,3296.1439,3249.246,3253.4259,36.4883,1.1215,32380563,72901457.41
2020/9/9,000016.SH,20200909,3235.7032,3253.4969,3267.8615,3217.1466,3289.9142,-54.211,-1.6478,30096577,62865840.95
2020/9/10,000016.SH,20200910,3245.5017,3264.3212,3273.9031,3239.5845,3235.7032,9.7985,0.3028,29973848,59687026.13
2020/9/11,000016.SH,20200911,3265.4966,3238.4673,3270.5897,3230.3159,3245.5017,19.9949,0.6161,23510280,52380250.99
2020/9/14,000016.SH,20200914,3294.1507,3283.932,3298.9325,3275.3023,3265.4966,28.6541,0.8775,21125876,56232770.45
2020/9/15,000016.SH,20200915,3317.6402,3291.196,3321.1763,3275.0642,3294.1507,23.4895,0.7131,21316420,54056411.03
2020/9/16,000016.SH,20200916,3295.5836,3314.2074,3322.3206,3283.8796,3317.6402,-22.0566,-0.6648,22229206,50870161.05
2020/9/17,000016.SH,20200917,3264.6864,3286.1485,3287.2629,3253.5161,3295.5836,-30.8972,-0.9375,23423082,64565970.45
2020/9/18,000016.SH,20200918,3347.7784,3267.6295,3347.7784,3264.3258,3264.6864,83.092,2.5452,44577962,94427293.31
2020/9/21,000016.SH,20200921,3311.5936,3359.232,3360.9187,3311.1078,3347.7784,-36.1848,-1.0809,29799599,64482095.15
2020/9/22,000016.SH,20200922,3270.519,3285.7691,3319.9497,3260.493,3311.5936,-41.0746,-1.2403,26820060,57772490.35
2020/9/23,000016.SH,20200923,3275.7387,3271.4743,3284.3973,3256.1785,3270.519,5.2197,0.1596,20467807,52183728.27
2020/9/24,000016.SH,20200924,3218.716,3259.1207,3264.8258,3214.7027,3275.7387,-57.0227,-1.7408,25647587,56704043.44
2020/9/25,000016.SH,20200925,3229.7769,3232.6929,3244.0319,3219.305,3218.716,11.0609,0.3436,20910220,45855826.19
2020/9/28,000016.SH,20200928,3250.5018,3237.3001,3268.263,3237.3001,3229.7769,20.7249,0.6417,20974373,44327122.46
2020/9/29,000016.SH,20200929,3241.323,3266.0069,3266.9436,3241.323,3250.5018,-9.1788,-0.2824,19027743,42946055.23
2020/9/30,000016.SH,20200930,3232.4183,3252.5946,3269.3124,3218.5484,3241.323,-8.9047,-0.2747,22694946,46636384.43
2020/10/9,000016.SH,20201009,3286.8572,3281.4645,3296.672,3274.1895,3232.4183,54.4389,1.6842,24624394,64079382.34
2020/10/12,000016.SH,20201012,3387.8848,3302.9822,3388.595,3302.619,3286.8572,101.0276,3.0737,39773572,84996198.87
2020/10/13,000016.SH,20201013,3386.893,3381.6409,3391.9889,3363.975,3387.8848,-0.9918,-0.0293,27928262,60770639
2020/10/14,000016.SH,20201014,3369.4978,3380.5584,3380.5584,3359.621,3386.893,-17.3952,-0.5136,25822628,59851814.52
2020/10/15,000016.SH,20201015,3371.4014,3369.7229,3392.9343,3363.8097,3369.4978,1.9036,0.0565,27385168,60016920.63
2020/10/16,000016.SH,20201016,3380.1689,3374.1697,3400.4214,3362.1778,3371.4014,8.7675,0.2601,34932345,61838797.8
2020/10/19,000016.SH,20201019,3354.3075,3398.752,3430.5555,3349.1637,3380.1689,-25.8614,-0.7651,41264704,75214131.98
2020/10/20,000016.SH,20201020,3363.503,3352.0276,3365.1843,3340.843,3354.3075,9.1955,0.2741,26392527,52091237.05
2020/10/21,000016.SH,20201021,3377.4246,3372.687,3380.0547,3351.7237,3363.503,13.9216,0.4139,31329504,56656466.68
2020/10/22,000016.SH,20201022,3369.53,3370.084,3378.6453,3328.3152,3377.4246,-7.8946,-0.2337,27398859,58254098.22
2020/10/23,000016.SH,20201023,3346.608,3364.5981,3395.4051,3346.608,3369.53,-22.922,-0.6803,33911572,64296241.66
2020/10/26,000016.SH,20201026,3304.7036,3320.0274,3328.6778,3288.5825,3346.608,-41.9044,-1.2521,34650144,67396897.06
2020/10/27,000016.SH,20201027,3294.0881,3298.0635,3305.6077,3281.6166,3304.7036,-10.6155,-0.3212,25579509,54627451.49
2020/10/28,000016.SH,20201028,3313.2314,3295.4449,3324.8029,3285.0438,3294.0881,19.1433,0.5811,28279844,63936396.32
2020/10/29,000016.SH,20201029,3324.4397,3278.9777,3351.1174,3277.5719,3313.2314,11.2083,0.3383,30218954,69727041.4
2020/10/30,000016.SH,20201030,3280.3835,3321.9387,3332.8677,3271.2671,3324.4397,-44.0562,-1.3252,35737111,74625943.46
2020/11/2,000016.SH,20201102,3265.8963,3280.6167,3298.0817,3249.9553,3280.3835,-14.4872,-0.4416,34665398,77307727.99
2020/11/3,000016.SH,20201103,3307.4846,3284.0395,3324.406,3282.554,3265.8963,41.5883,1.2734,34085466,68965424.55
2020/11/4,000016.SH,20201104,3332.1901,3311.5399,3340.5315,3301.3165,3307.4846,24.7055,0.747,28344930,60073167.65
2020/11/5,000016.SH,20201105,3369.5029,3366.4014,3386.9785,3345.2005,3332.1901,37.3128,1.1198,31277108,68184057.97
2020/11/6,000016.SH,20201106,3359.1193,3380.1978,3380.1978,3339.4703,3369.5029,-10.3836,-0.3082,35031944,72503490.98
2020/11/9,000016.SH,20201109,3418.2753,3382.8002,3428.1303,3382.8002,3359.1193,59.156,1.7611,43918142,93900277.93
2020/11/10,000016.SH,20201110,3416.1408,3439.3599,3440.5572,3402.3826,3418.2753,-2.1345,-0.0624,41761633,92270349.48
2020/11/11,000016.SH,20201111,3411.2295,3415.8839,3432.2653,3407.8442,3416.1408,-4.9113,-0.1438,40415189,82130521.68
2020/11/12,000016.SH,20201112,3397.3544,3413.2074,3420.6475,3387.33,3411.2295,-13.8751,-0.4067,27098482,63549018.68
2020/11/13,000016.SH,20201113,3338.3101,3376.9114,3377.1596,3318.4516,3397.3544,-59.0443,-1.7379,34513696,73716432.09
2020/11/16,000016.SH,20201116,3377.11,3352.6888,3377.11,3344.3998,3338.3101,38.7999,1.1623,32324893,65695228.07
2020/11/17,000016.SH,20201117,3379.2742,3376.8744,3388.9608,3362.5001,3377.11,2.1642,0.0641,33074229,69699282.27
2020/11/18,000016.SH,20201118,3387.0447,3377.8433,3408.3044,3372.9968,3379.2742,7.7705,0.2299,43605864,88251549.35
2020/11/19,000016.SH,20201119,3410.0937,3377.2283,3415.8555,3372.8381,3387.0447,23.049,0.6805,32606150,65742547.17
2020/11/20,000016.SH,20201120,3411.9323,3407.7282,3415.2537,3398.7881,3410.0937,1.8386,0.0539,29720748,54200659.93
2020/11/23,000016.SH,20201123,3469.8046,3427.7784,3485.8936,3426.78,3411.9323,57.8723,1.6962,49251555,92619781.84
2020/11/24,000016.SH,20201124,3442.7229,3461.432,3470.9144,3437.7302,3469.8046,-27.0817,-0.7805,34240109,65468615.8
2020/11/25,000016.SH,20201125,3420.2916,3461.479,3475.2545,3420.2916,3442.7229,-22.4313,-0.6516,40663779,75069957.59
2020/11/26,000016.SH,20201126,3445.7388,3418.5592,3447.6126,3414.0643,3420.2916,25.4472,0.744,33465271,65077855.42
2020/11/27,000016.SH,20201127,3498.6589,3453.3086,3498.6589,3447.6084,3445.7388,52.9201,1.5358,53901248,78249237.87
2020/11/30,000016.SH,20201130,3469.4178,3509.6591,3570.2152,3469.4178,3498.6589,-29.2411,-0.8358,84292983,123967926.5
2020/12/1,000016.SH,20201201,3554.0139,3480.5639,3559.0654,3476.9373,3469.4178,84.5961,2.4383,52488689,91200352.1
2020/12/2,000016.SH,20201202,3545.3401,3555.5954,3568.7242,3527.1245,3554.0139,-8.6738,-0.2441,39442806,71352289.81
2020/12/3,000016.SH,20201203,3536.8144,3545.2791,3550.1047,3519.4256,3545.3401,-8.5257,-0.2405,35867871,64650049.33
2020/12/4,000016.SH,20201204,3541.5209,3535.9378,3546.7128,3504.4339,3536.8144,4.7065,0.1331,33238617,68848489.66
2020/12/7,000016.SH,20201207,3509.9419,3547.9306,3548.7778,3495.6505,3541.5209,-31.579,-0.8917,35450745,74234250.17
2020/12/8,000016.SH,20201208,3499.0572,3512.8571,3529.353,3490.8861,3509.9419,-10.8847,-0.3101,28935941,64329952.45
2020/12/9,000016.SH,20201209,3468.5269,3511.7581,3517.9161,3467.9951,3499.0572,-30.5303,-0.8725,30654727,61382484.94
2020/12/10,000016.SH,20201210,3459.0346,3464.9419,3478.9057,3442.1525,3468.5269,-9.4923,-0.2737,29228443,57283741.67
2020/12/11,000016.SH,20201211,3427.8565,3473.8739,3477.4658,3404.9293,3459.0346,-31.1781,-0.9014,38906387,74533297.05
2020/12/14,000016.SH,20201214,3467.7669,3443.0277,3472.1168,3435.3069,3427.8565,39.9104,1.1643,24982218,69626860.4
2020/12/15,000016.SH,20201215,3468.8286,3466.4917,3476.8771,3443.861,3467.7669,1.0617,0.0306,26154182,70666981.44
2020/12/16,000016.SH,20201216,3485.4049,3480.9266,3494.6464,3469.5518,3468.8286,16.5763,0.4779,22462530,62162165.11
2020/12/17,000016.SH,20201217,3539.5401,3497.3913,3543.7345,3491.919,3485.4049,54.1352,1.5532,27091201,79778025.45
2020/12/18,000016.SH,20201218,3507.9743,3529.0228,3538.5651,3493.296,3539.5401,-31.5658,-0.8918,26277800,71633942.39
2020/12/21,000016.SH,20201221,3522.262,3505.9056,3531.4189,3481.263,3507.9743,14.2877,0.4073,26717595,78726944.69
2020/12/22,000016.SH,20201222,3470.9024,3519.0501,3526.1124,3467.5324,3522.262,-51.3596,-1.4581,34878459,95554575.23
2020/12/23,000016.SH,20201223,3494.5868,3483.188,3516.0239,3473.0965,3470.9024,23.6844,0.6824,27238775,80717057.53
2020/12/24,000016.SH,20201224,3489.2742,3495.8485,3521.0377,3474.016,3494.5868,-5.3126,-0.152,20119571,64344686.34
2020/12/25,000016.SH,20201225,3512.4862,3476.5528,3514.5138,3468.403,3489.2742,23.212,0.6652,21054656,65661287.08
2020/12/28,000016.SH,20201228,3523.8369,3514.712,3548.5321,3503.972,3512.4862,11.3507,0.3232,26413299,75670329.61
2020/12/29,000016.SH,20201229,3517.35,3533.1259,3539.6681,3513.6554,3523.8369,-6.4869,-0.1841,26014590,73295610.48
2020/12/30,000016.SH,20201230,3574.1307,3513.7859,3574.2063,3512.3138,3517.35,56.7807,1.6143,26787234,77252184.88
2020/12/31,000016.SH,20201231,3640.6389,3581.4493,3646.7531,3581.3638,3574.1307,66.5082,1.8608,36574846,100746203.5
